codigo_capa,codigo_municipio,RID
1,9,1
3,9,2
5,9,3
7,9,4
8,9,5
9,9,6
16,9,7
18,9,8
20,9,9
22,9,10
25,9,11
27,9,12
28,9,13
29,9,14
32,9,15
33,9,16
34,9,17
35,9,18
36,9,19
37,9,20
38,9,21
39,9,22
40,9,23
41,9,24
42,9,25
44,9,26
45,9,27
46,9,28
47,9,29
48,9,30
49,9,31
50,9,32
51,9,33
52,9,34
53,9,35
54,9,36
55,9,37
56,9,38
57,9,39
58,9,40
59,9,41
60,9,42
61,9,43
62,9,44
63,9,45
64,9,46
65,9,47
66,9,48
67,9,49
68,9,50
69,9,51
70,9,52
71,9,53
73,9,54
76,9,55
77,9,56
78,9,57
79,9,58
80,9,59
81,9,60
84,9,61
89,9,62
95,9,63
100,9,64
107,9,65
108,9,66
109,9,67
110,9,68
111,9,69
112,9,70
113,9,71
114,9,72
115,9,73
116,9,74
117,9,75
120,9,76
121,9,77
122,9,78
123,9,79
125,9,80
126,9,81
127,9,82
128,9,83
130,9,84
131,9,85
133,9,86
134,9,87
135,9,88
141,9,89
143,9,90
146,9,91
147,9,92
149,9,93
150,9,94
155,9,95
157,9,96
159,9,97
1,2,98
3,2,99
5,2,100
7,2,101
8,2,102
9,2,103
16,2,104
18,2,105
20,2,106
25,2,107
27,2,108
35,2,109
38,2,110
39,2,111
40,2,112
41,2,113
45,2,114
46,2,115
47,2,116
48,2,117
49,2,118
50,2,119
51,2,120
52,2,121
53,2,122
54,2,123
55,2,124
56,2,125
57,2,126
58,2,127
59,2,128
60,2,129
61,2,130
62,2,131
63,2,132
64,2,133
65,2,134
66,2,135
67,2,136
68,2,137
69,2,138
70,2,139
71,2,140
76,2,141
77,2,142
78,2,143
79,2,144
81,2,145
82,2,146
83,2,147
84,2,148
88,2,149
89,2,150
92,2,151
107,2,152
108,2,153
109,2,154
110,2,155
111,2,156
112,2,157
113,2,158
114,2,159
115,2,160
116,2,161
117,2,162
120,2,163
121,2,164
122,2,165
123,2,166
126,2,167
128,2,168
129,2,169
131,2,170
132,2,171
134,2,172
135,2,173
143,2,174
147,2,175
149,2,176
150,2,177
151,2,178
154,2,179
157,2,180
1,3,181
3,3,182
5,3,183
7,3,184
8,3,185
9,3,186
16,3,187
18,3,188
20,3,189
22,3,190
25,3,191
27,3,192
30,3,193
31,3,194
36,3,195
38,3,196
39,3,197
40,3,198
41,3,199
45,3,200
46,3,201
47,3,202
48,3,203
49,3,204
50,3,205
51,3,206
52,3,207
53,3,208
54,3,209
55,3,210
56,3,211
57,3,212
58,3,213
59,3,214
60,3,215
61,3,216
62,3,217
63,3,218
64,3,219
65,3,220
66,3,221
67,3,222
68,3,223
69,3,224
70,3,225
71,3,226
72,3,227
73,3,228
78,3,229
79,3,230
80,3,231
81,3,232
84,3,233
89,3,234
94,3,235
99,3,236
104,3,237
106,3,238
107,3,239
108,3,240
109,3,241
110,3,242
111,3,243
112,3,244
113,3,245
114,3,246
115,3,247
116,3,248
117,3,249
119,3,250
120,3,251
121,3,252
122,3,253
123,3,254
125,3,255
126,3,256
128,3,257
131,3,258
134,3,259
135,3,260
147,3,261
149,3,262
150,3,263
157,3,264
1,4,265
3,4,266
5,4,267
7,4,268
8,4,269
9,4,270
16,4,271
18,4,272
20,4,273
25,4,274
27,4,275
30,4,276
38,4,277
39,4,278
40,4,279
41,4,280
45,4,281
46,4,282
47,4,283
48,4,284
49,4,285
50,4,286
51,4,287
52,4,288
53,4,289
54,4,290
55,4,291
56,4,292
57,4,293
58,4,294
59,4,295
60,4,296
61,4,297
62,4,298
63,4,299
64,4,300
65,4,301
66,4,302
67,4,303
68,4,304
69,4,305
70,4,306
71,4,307
76,4,308
77,4,309
79,4,310
81,4,311
82,4,312
84,4,313
88,4,314
89,4,315
92,4,316
107,4,317
108,4,318
109,4,319
110,4,320
111,4,321
112,4,322
113,4,323
114,4,324
115,4,325
116,4,326
117,4,327
121,4,328
122,4,329
123,4,330
126,4,331
128,4,332
129,4,333
131,4,334
132,4,335
134,4,336
135,4,337
143,4,338
147,4,339
149,4,340
150,4,341
151,4,342
157,4,343
1,6,344
3,6,345
5,6,346
7,6,347
8,6,348
9,6,349
16,6,350
18,6,351
20,6,352
22,6,353
25,6,354
28,6,355
30,6,356
36,6,357
38,6,358
39,6,359
40,6,360
41,6,361
42,6,362
45,6,363
46,6,364
47,6,365
48,6,366
49,6,367
50,6,368
51,6,369
52,6,370
53,6,371
54,6,372
55,6,373
56,6,374
57,6,375
58,6,376
59,6,377
60,6,378
61,6,379
62,6,380
63,6,381
64,6,382
65,6,383
66,6,384
67,6,385
68,6,386
69,6,387
70,6,388
71,6,389
73,6,390
75,6,391
76,6,392
77,6,393
78,6,394
79,6,395
80,6,396
81,6,397
84,6,398
95,6,399
100,6,400
107,6,401
108,6,402
109,6,403
110,6,404
111,6,405
112,6,406
113,6,407
114,6,408
115,6,409
116,6,410
117,6,411
121,6,412
122,6,413
123,6,414
125,6,415
126,6,416
127,6,417
128,6,418
130,6,419
131,6,420
134,6,421
135,6,422
143,6,423
147,6,424
157,6,425
159,6,426
1,7,427
2,7,428
3,7,429
4,7,430
5,7,431
6,7,432
7,7,433
8,7,434
9,7,435
10,7,436
12,7,437
15,7,438
16,7,439
17,7,440
18,7,441
19,7,442
20,7,443
21,7,444
22,7,445
25,7,446
27,7,447
30,7,448
31,7,449
35,7,450
38,7,451
39,7,452
40,7,453
41,7,454
42,7,455
45,7,456
46,7,457
47,7,458
48,7,459
49,7,460
50,7,461
51,7,462
52,7,463
53,7,464
54,7,465
55,7,466
56,7,467
57,7,468
58,7,469
59,7,470
60,7,471
61,7,472
62,7,473
63,7,474
64,7,475
65,7,476
66,7,477
67,7,478
68,7,479
69,7,480
70,7,481
71,7,482
75,7,483
77,7,484
79,7,485
81,7,486
84,7,487
94,7,488
99,7,489
104,7,490
106,7,491
107,7,492
108,7,493
109,7,494
110,7,495
111,7,496
112,7,497
113,7,498
114,7,499
115,7,500
116,7,501
117,7,502
119,7,503
121,7,504
122,7,505
123,7,506
125,7,507
126,7,508
128,7,509
131,7,510
134,7,511
135,7,512
136,7,513
143,7,514
147,7,515
1,8,516
2,8,517
3,8,518
4,8,519
5,8,520
6,8,521
7,8,522
8,8,523
9,8,524
10,8,525
12,8,526
15,8,527
16,8,528
17,8,529
18,8,530
19,8,531
20,8,532
21,8,533
25,8,534
38,8,535
39,8,536
40,8,537
41,8,538
45,8,539
46,8,540
47,8,541
48,8,542
49,8,543
50,8,544
51,8,545
52,8,546
53,8,547
54,8,548
55,8,549
56,8,550
57,8,551
58,8,552
59,8,553
60,8,554
61,8,555
62,8,556
63,8,557
64,8,558
65,8,559
66,8,560
67,8,561
68,8,562
69,8,563
70,8,564
71,8,565
77,8,566
78,8,567
79,8,568
81,8,569
83,8,570
84,8,571
88,8,572
89,8,573
92,8,574
93,8,575
94,8,576
99,8,577
104,8,578
106,8,579
107,8,580
108,8,581
109,8,582
110,8,583
111,8,584
112,8,585
113,8,586
114,8,587
115,8,588
116,8,589
117,8,590
119,8,591
121,8,592
122,8,593
123,8,594
126,8,595
128,8,596
129,8,597
131,8,598
132,8,599
134,8,600
135,8,601
147,8,602
157,8,603
1,10,604
3,10,605
5,10,606
7,10,607
8,10,608
9,10,609
16,10,610
22,10,611
25,10,612
27,10,613
32,10,614
33,10,615
36,10,616
38,10,617
39,10,618
40,10,619
41,10,620
42,10,621
45,10,622
46,10,623
47,10,624
48,10,625
49,10,626
50,10,627
51,10,628
52,10,629
53,10,630
54,10,631
55,10,632
56,10,633
57,10,634
58,10,635
59,10,636
60,10,637
61,10,638
62,10,639
63,10,640
64,10,641
65,10,642
66,10,643
67,10,644
68,10,645
69,10,646
70,10,647
71,10,648
72,10,649
73,10,650
77,10,651
79,10,652
80,10,653
81,10,654
84,10,655
89,10,656
107,10,657
108,10,658
109,10,659
110,10,660
111,10,661
112,10,662
113,10,663
114,10,664
115,10,665
116,10,666
117,10,667
120,10,668
121,10,669
122,10,670
123,10,671
126,10,672
128,10,673
131,10,674
134,10,675
135,10,676
143,10,677
147,10,678
149,10,679
150,10,680
151,10,681
157,10,682
1,13,683
3,13,684
5,13,685
7,13,686
8,13,687
9,13,688
16,13,689
18,13,690
20,13,691
25,13,692
27,13,693
38,13,694
39,13,695
40,13,696
41,13,697
45,13,698
46,13,699
47,13,700
48,13,701
49,13,702
50,13,703
51,13,704
52,13,705
53,13,706
54,13,707
55,13,708
56,13,709
57,13,710
58,13,711
59,13,712
60,13,713
61,13,714
62,13,715
63,13,716
64,13,717
65,13,718
66,13,719
67,13,720
68,13,721
69,13,722
70,13,723
71,13,724
76,13,725
77,13,726
79,13,727
81,13,728
82,13,729
89,13,730
107,13,731
108,13,732
109,13,733
110,13,734
111,13,735
112,13,736
113,13,737
114,13,738
115,13,739
116,13,740
117,13,741
120,13,742
121,13,743
122,13,744
123,13,745
126,13,746
128,13,747
131,13,748
134,13,749
135,13,750
143,13,751
147,13,752
149,13,753
150,13,754
151,13,755
157,13,756
1,14,757
3,14,758
5,14,759
7,14,760
8,14,761
9,14,762
16,14,763
22,14,764
25,14,765
31,14,766
35,14,767
36,14,768
38,14,769
39,14,770
40,14,771
41,14,772
42,14,773
45,14,774
46,14,775
47,14,776
48,14,777
49,14,778
50,14,779
51,14,780
52,14,781
53,14,782
54,14,783
55,14,784
56,14,785
57,14,786
58,14,787
59,14,788
60,14,789
61,14,790
62,14,791
63,14,792
64,14,793
65,14,794
66,14,795
67,14,796
68,14,797
69,14,798
70,14,799
71,14,800
73,14,801
79,14,802
80,14,803
81,14,804
84,14,805
89,14,806
107,14,807
108,14,808
109,14,809
110,14,810
111,14,811
112,14,812
113,14,813
114,14,814
115,14,815
116,14,816
117,14,817
120,14,818
121,14,819
122,14,820
123,14,821
125,14,822
126,14,823
128,14,824
131,14,825
134,14,826
135,14,827
143,14,828
147,14,829
149,14,830
150,14,831
157,14,832
1,16,833
3,16,834
5,16,835
7,16,836
8,16,837
9,16,838
16,16,839
18,16,840
20,16,841
22,16,842
25,16,843
27,16,844
30,16,845
31,16,846
32,16,847
34,16,848
35,16,849
36,16,850
38,16,851
39,16,852
40,16,853
41,16,854
42,16,855
45,16,856
46,16,857
47,16,858
48,16,859
49,16,860
50,16,861
51,16,862
52,16,863
53,16,864
54,16,865
55,16,866
56,16,867
57,16,868
58,16,869
59,16,870
60,16,871
61,16,872
62,16,873
63,16,874
64,16,875
65,16,876
66,16,877
67,16,878
68,16,879
69,16,880
70,16,881
71,16,882
73,16,883
74,16,884
75,16,885
76,16,886
77,16,887
78,16,888
79,16,889
80,16,890
81,16,891
84,16,892
88,16,893
92,16,894
93,16,895
94,16,896
99,16,897
104,16,898
106,16,899
107,16,900
108,16,901
109,16,902
110,16,903
111,16,904
112,16,905
113,16,906
114,16,907
115,16,908
116,16,909
117,16,910
119,16,911
120,16,912
121,16,913
122,16,914
123,16,915
125,16,916
126,16,917
128,16,918
129,16,919
131,16,920
132,16,921
134,16,922
135,16,923
140,16,924
143,16,925
147,16,926
1,17,927
3,17,928
5,17,929
7,17,930
8,17,931
9,17,932
16,17,933
18,17,934
20,17,935
22,17,936
25,17,937
27,17,938
31,17,939
34,17,940
38,17,941
39,17,942
40,17,943
41,17,944
42,17,945
45,17,946
46,17,947
47,17,948
48,17,949
49,17,950
50,17,951
51,17,952
52,17,953
53,17,954
54,17,955
55,17,956
56,17,957
57,17,958
58,17,959
59,17,960
60,17,961
61,17,962
62,17,963
63,17,964
64,17,965
65,17,966
66,17,967
67,17,968
68,17,969
69,17,970
70,17,971
71,17,972
73,17,973
74,17,974
75,17,975
77,17,976
78,17,977
79,17,978
80,17,979
81,17,980
82,17,981
83,17,982
84,17,983
89,17,984
90,17,985
91,17,986
103,17,987
105,17,988
107,17,989
108,17,990
109,17,991
110,17,992
111,17,993
112,17,994
113,17,995
114,17,996
115,17,997
116,17,998
117,17,999
118,17,1000
120,17,1001
121,17,1002
122,17,1003
123,17,1004
126,17,1005
128,17,1006
131,17,1007
134,17,1008
135,17,1009
138,17,1010
143,17,1011
147,17,1012
149,17,1013
150,17,1014
157,17,1015
159,17,1016
1,18,1017
2,18,1018
3,18,1019
4,18,1020
5,18,1021
6,18,1022
7,18,1023
8,18,1024
9,18,1025
10,18,1026
12,18,1027
15,18,1028
16,18,1029
17,18,1030
18,18,1031
19,18,1032
20,18,1033
21,18,1034
22,18,1035
25,18,1036
30,18,1037
31,18,1038
35,18,1039
38,18,1040
39,18,1041
40,18,1042
41,18,1043
45,18,1044
46,18,1045
47,18,1046
48,18,1047
49,18,1048
50,18,1049
51,18,1050
52,18,1051
53,18,1052
54,18,1053
55,18,1054
56,18,1055
57,18,1056
58,18,1057
59,18,1058
60,18,1059
61,18,1060
62,18,1061
63,18,1062
64,18,1063
65,18,1064
66,18,1065
67,18,1066
68,18,1067
69,18,1068
70,18,1069
71,18,1070
76,18,1071
77,18,1072
78,18,1073
79,18,1074
81,18,1075
84,18,1076
88,18,1077
92,18,1078
94,18,1079
99,18,1080
104,18,1081
106,18,1082
107,18,1083
108,18,1084
109,18,1085
110,18,1086
111,18,1087
112,18,1088
113,18,1089
114,18,1090
115,18,1091
116,18,1092
117,18,1093
119,18,1094
121,18,1095
122,18,1096
123,18,1097
125,18,1098
126,18,1099
128,18,1100
129,18,1101
131,18,1102
132,18,1103
134,18,1104
135,18,1105
147,18,1106
1,21,1107
3,21,1108
5,21,1109
7,21,1110
8,21,1111
9,21,1112
16,21,1113
22,21,1114
24,21,1115
25,21,1116
27,21,1117
31,21,1118
34,21,1119
35,21,1120
38,21,1121
39,21,1122
40,21,1123
41,21,1124
42,21,1125
45,21,1126
46,21,1127
47,21,1128
48,21,1129
49,21,1130
50,21,1131
51,21,1132
52,21,1133
53,21,1134
54,21,1135
55,21,1136
56,21,1137
57,21,1138
58,21,1139
59,21,1140
60,21,1141
61,21,1142
62,21,1143
63,21,1144
64,21,1145
65,21,1146
66,21,1147
67,21,1148
68,21,1149
69,21,1150
70,21,1151
71,21,1152
73,21,1153
74,21,1154
75,21,1155
76,21,1156
77,21,1157
78,21,1158
79,21,1159
80,21,1160
81,21,1161
82,21,1162
84,21,1163
86,21,1164
87,21,1165
89,21,1166
91,21,1167
97,21,1168
101,21,1169
102,21,1170
103,21,1171
105,21,1172
107,21,1173
108,21,1174
109,21,1175
110,21,1176
111,21,1177
112,21,1178
113,21,1179
114,21,1180
115,21,1181
116,21,1182
117,21,1183
118,21,1184
120,21,1185
121,21,1186
122,21,1187
123,21,1188
126,21,1189
128,21,1190
131,21,1191
134,21,1192
135,21,1193
143,21,1194
147,21,1195
149,21,1196
150,21,1197
156,21,1198
157,21,1199
159,21,1200
1,22,1201
3,22,1202
5,22,1203
7,22,1204
8,22,1205
9,22,1206
16,22,1207
18,22,1208
20,22,1209
22,22,1210
25,22,1211
27,22,1212
34,22,1213
35,22,1214
38,22,1215
39,22,1216
40,22,1217
41,22,1218
42,22,1219
45,22,1220
46,22,1221
47,22,1222
48,22,1223
49,22,1224
50,22,1225
51,22,1226
52,22,1227
53,22,1228
54,22,1229
55,22,1230
56,22,1231
57,22,1232
58,22,1233
59,22,1234
60,22,1235
61,22,1236
62,22,1237
63,22,1238
64,22,1239
65,22,1240
66,22,1241
67,22,1242
68,22,1243
69,22,1244
70,22,1245
71,22,1246
73,22,1247
76,22,1248
77,22,1249
78,22,1250
79,22,1251
80,22,1252
81,22,1253
82,22,1254
83,22,1255
84,22,1256
88,22,1257
89,22,1258
92,22,1259
107,22,1260
108,22,1261
109,22,1262
110,22,1263
111,22,1264
112,22,1265
113,22,1266
114,22,1267
115,22,1268
116,22,1269
117,22,1270
120,22,1271
121,22,1272
122,22,1273
123,22,1274
126,22,1275
128,22,1276
129,22,1277
131,22,1278
132,22,1279
134,22,1280
135,22,1281
143,22,1282
147,22,1283
149,22,1284
150,22,1285
157,22,1286
159,22,1287
1,24,1288
3,24,1289
5,24,1290
7,24,1291
8,24,1292
9,24,1293
16,24,1294
18,24,1295
20,24,1296
22,24,1297
24,24,1298
25,24,1299
27,24,1300
31,24,1301
36,24,1302
38,24,1303
39,24,1304
40,24,1305
41,24,1306
42,24,1307
45,24,1308
46,24,1309
47,24,1310
48,24,1311
49,24,1312
50,24,1313
51,24,1314
52,24,1315
53,24,1316
54,24,1317
55,24,1318
56,24,1319
57,24,1320
58,24,1321
59,24,1322
60,24,1323
61,24,1324
62,24,1325
63,24,1326
64,24,1327
65,24,1328
66,24,1329
67,24,1330
68,24,1331
69,24,1332
70,24,1333
71,24,1334
73,24,1335
75,24,1336
76,24,1337
77,24,1338
78,24,1339
79,24,1340
81,24,1341
82,24,1342
84,24,1343
89,24,1344
91,24,1345
103,24,1346
105,24,1347
107,24,1348
108,24,1349
109,24,1350
110,24,1351
111,24,1352
112,24,1353
113,24,1354
114,24,1355
115,24,1356
116,24,1357
117,24,1358
118,24,1359
120,24,1360
121,24,1361
122,24,1362
123,24,1363
124,24,1364
126,24,1365
128,24,1366
131,24,1367
134,24,1368
135,24,1369
138,24,1370
142,24,1371
143,24,1372
147,24,1373
149,24,1374
150,24,1375
157,24,1376
159,24,1377
1,25,1378
2,25,1379
3,25,1380
4,25,1381
5,25,1382
6,25,1383
7,25,1384
8,25,1385
9,25,1386
15,25,1387
16,25,1388
17,25,1389
18,25,1390
19,25,1391
20,25,1392
21,25,1393
22,25,1394
25,25,1395
27,25,1396
30,25,1397
36,25,1398
38,25,1399
39,25,1400
40,25,1401
41,25,1402
45,25,1403
46,25,1404
47,25,1405
48,25,1406
49,25,1407
50,25,1408
51,25,1409
52,25,1410
53,25,1411
54,25,1412
55,25,1413
56,25,1414
57,25,1415
58,25,1416
59,25,1417
60,25,1418
61,25,1419
62,25,1420
63,25,1421
64,25,1422
65,25,1423
66,25,1424
67,25,1425
68,25,1426
69,25,1427
70,25,1428
71,25,1429
76,25,1430
79,25,1431
81,25,1432
84,25,1433
89,25,1434
107,25,1435
108,25,1436
109,25,1437
110,25,1438
111,25,1439
112,25,1440
113,25,1441
114,25,1442
115,25,1443
116,25,1444
117,25,1445
120,25,1446
121,25,1447
122,25,1448
123,25,1449
125,25,1450
126,25,1451
127,25,1452
128,25,1453
130,25,1454
131,25,1455
134,25,1456
135,25,1457
143,25,1458
147,25,1459
149,25,1460
150,25,1461
157,25,1462
1,26,1463
2,26,1464
3,26,1465
4,26,1466
5,26,1467
6,26,1468
7,26,1469
8,26,1470
9,26,1471
11,26,1472
14,26,1473
15,26,1474
16,26,1475
17,26,1476
18,26,1477
19,26,1478
20,26,1479
21,26,1480
22,26,1481
25,26,1482
38,26,1483
39,26,1484
40,26,1485
41,26,1486
42,26,1487
45,26,1488
46,26,1489
47,26,1490
48,26,1491
49,26,1492
50,26,1493
51,26,1494
52,26,1495
53,26,1496
54,26,1497
55,26,1498
56,26,1499
57,26,1500
58,26,1501
59,26,1502
60,26,1503
61,26,1504
62,26,1505
63,26,1506
64,26,1507
65,26,1508
66,26,1509
67,26,1510
68,26,1511
69,26,1512
70,26,1513
71,26,1514
73,26,1515
75,26,1516
76,26,1517
77,26,1518
78,26,1519
79,26,1520
80,26,1521
81,26,1522
82,26,1523
83,26,1524
85,26,1525
88,26,1526
92,26,1527
107,26,1528
108,26,1529
109,26,1530
110,26,1531
111,26,1532
112,26,1533
113,26,1534
114,26,1535
115,26,1536
116,26,1537
117,26,1538
121,26,1539
122,26,1540
123,26,1541
126,26,1542
128,26,1543
129,26,1544
131,26,1545
132,26,1546
134,26,1547
135,26,1548
147,26,1549
157,26,1550
1,27,1551
3,27,1552
5,27,1553
7,27,1554
8,27,1555
9,27,1556
16,27,1557
18,27,1558
20,27,1559
22,27,1560
25,27,1561
27,27,1562
35,27,1563
36,27,1564
38,27,1565
39,27,1566
40,27,1567
41,27,1568
42,27,1569
45,27,1570
46,27,1571
47,27,1572
48,27,1573
49,27,1574
50,27,1575
51,27,1576
52,27,1577
53,27,1578
54,27,1579
55,27,1580
56,27,1581
57,27,1582
58,27,1583
59,27,1584
60,27,1585
61,27,1586
62,27,1587
63,27,1588
64,27,1589
65,27,1590
66,27,1591
67,27,1592
68,27,1593
69,27,1594
70,27,1595
71,27,1596
77,27,1597
78,27,1598
79,27,1599
81,27,1600
84,27,1601
88,27,1602
89,27,1603
92,27,1604
107,27,1605
108,27,1606
109,27,1607
110,27,1608
111,27,1609
112,27,1610
113,27,1611
114,27,1612
115,27,1613
116,27,1614
117,27,1615
120,27,1616
121,27,1617
122,27,1618
123,27,1619
126,27,1620
128,27,1621
129,27,1622
131,27,1623
132,27,1624
134,27,1625
135,27,1626
143,27,1627
147,27,1628
157,27,1629
158,27,1630
1,30,1631
3,30,1632
5,30,1633
7,30,1634
8,30,1635
9,30,1636
16,30,1637
18,30,1638
20,30,1639
22,30,1640
25,30,1641
27,30,1642
35,30,1643
36,30,1644
38,30,1645
39,30,1646
40,30,1647
41,30,1648
42,30,1649
45,30,1650
46,30,1651
47,30,1652
48,30,1653
49,30,1654
50,30,1655
51,30,1656
52,30,1657
53,30,1658
54,30,1659
55,30,1660
56,30,1661
57,30,1662
58,30,1663
59,30,1664
60,30,1665
61,30,1666
62,30,1667
63,30,1668
64,30,1669
65,30,1670
66,30,1671
67,30,1672
68,30,1673
69,30,1674
70,30,1675
71,30,1676
75,30,1677
78,30,1678
79,30,1679
81,30,1680
83,30,1681
91,30,1682
103,30,1683
105,30,1684
107,30,1685
108,30,1686
109,30,1687
110,30,1688
111,30,1689
112,30,1690
113,30,1691
114,30,1692
115,30,1693
116,30,1694
117,30,1695
118,30,1696
120,30,1697
121,30,1698
122,30,1699
123,30,1700
124,30,1701
126,30,1702
128,30,1703
131,30,1704
134,30,1705
135,30,1706
138,30,1707
143,30,1708
147,30,1709
157,30,1710
159,30,1711
1,31,1712
2,31,1713
3,31,1714
4,31,1715
5,31,1716
6,31,1717
7,31,1718
8,31,1719
9,31,1720
15,31,1721
16,31,1722
17,31,1723
18,31,1724
19,31,1725
20,31,1726
21,31,1727
22,31,1728
25,31,1729
30,31,1730
35,31,1731
38,31,1732
39,31,1733
40,31,1734
41,31,1735
42,31,1736
45,31,1737
46,31,1738
47,31,1739
48,31,1740
49,31,1741
50,31,1742
51,31,1743
52,31,1744
53,31,1745
54,31,1746
55,31,1747
56,31,1748
57,31,1749
58,31,1750
59,31,1751
60,31,1752
61,31,1753
62,31,1754
63,31,1755
64,31,1756
65,31,1757
66,31,1758
67,31,1759
68,31,1760
69,31,1761
70,31,1762
71,31,1763
73,31,1764
76,31,1765
77,31,1766
78,31,1767
79,31,1768
80,31,1769
81,31,1770
84,31,1771
107,31,1772
108,31,1773
109,31,1774
110,31,1775
111,31,1776
112,31,1777
113,31,1778
114,31,1779
115,31,1780
116,31,1781
117,31,1782
120,31,1783
121,31,1784
122,31,1785
123,31,1786
125,31,1787
126,31,1788
127,31,1789
128,31,1790
130,31,1791
131,31,1792
134,31,1793
135,31,1794
147,31,1795
156,31,1796
157,31,1797
1,32,1798
3,32,1799
5,32,1800
7,32,1801
8,32,1802
9,32,1803
16,32,1804
22,32,1805
24,32,1806
25,32,1807
27,32,1808
35,32,1809
38,32,1810
39,32,1811
40,32,1812
41,32,1813
42,32,1814
45,32,1815
46,32,1816
47,32,1817
48,32,1818
49,32,1819
50,32,1820
51,32,1821
52,32,1822
53,32,1823
54,32,1824
55,32,1825
56,32,1826
57,32,1827
58,32,1828
59,32,1829
60,32,1830
61,32,1831
62,32,1832
63,32,1833
64,32,1834
65,32,1835
66,32,1836
67,32,1837
68,32,1838
69,32,1839
70,32,1840
71,32,1841
73,32,1842
76,32,1843
78,32,1844
79,32,1845
80,32,1846
81,32,1847
82,32,1848
84,32,1849
89,32,1850
107,32,1851
108,32,1852
109,32,1853
110,32,1854
111,32,1855
112,32,1856
113,32,1857
114,32,1858
115,32,1859
116,32,1860
117,32,1861
121,32,1862
122,32,1863
123,32,1864
126,32,1865
128,32,1866
131,32,1867
134,32,1868
135,32,1869
143,32,1870
147,32,1871
149,32,1872
150,32,1873
157,32,1874
159,32,1875
1,34,1876
2,34,1877
3,34,1878
4,34,1879
5,34,1880
6,34,1881
7,34,1882
8,34,1883
9,34,1884
15,34,1885
16,34,1886
17,34,1887
18,34,1888
19,34,1889
20,34,1890
21,34,1891
25,34,1892
27,34,1893
35,34,1894
38,34,1895
39,34,1896
40,34,1897
41,34,1898
42,34,1899
45,34,1900
46,34,1901
47,34,1902
48,34,1903
49,34,1904
50,34,1905
51,34,1906
52,34,1907
53,34,1908
54,34,1909
55,34,1910
56,34,1911
57,34,1912
58,34,1913
59,34,1914
60,34,1915
61,34,1916
62,34,1917
63,34,1918
64,34,1919
65,34,1920
66,34,1921
67,34,1922
68,34,1923
69,34,1924
70,34,1925
71,34,1926
73,34,1927
77,34,1928
79,34,1929
80,34,1930
81,34,1931
84,34,1932
89,34,1933
107,34,1934
108,34,1935
109,34,1936
110,34,1937
111,34,1938
112,34,1939
113,34,1940
114,34,1941
115,34,1942
116,34,1943
117,34,1944
120,34,1945
121,34,1946
122,34,1947
123,34,1948
126,34,1949
127,34,1950
128,34,1951
130,34,1952
131,34,1953
134,34,1954
135,34,1955
143,34,1956
147,34,1957
149,34,1958
157,34,1959
1,35,1960
2,35,1961
3,35,1962
4,35,1963
5,35,1964
6,35,1965
7,35,1966
8,35,1967
9,35,1968
15,35,1969
16,35,1970
17,35,1971
18,35,1972
19,35,1973
20,35,1974
21,35,1975
22,35,1976
24,35,1977
25,35,1978
27,35,1979
36,35,1980
38,35,1981
39,35,1982
40,35,1983
41,35,1984
42,35,1985
45,35,1986
46,35,1987
47,35,1988
48,35,1989
49,35,1990
50,35,1991
51,35,1992
52,35,1993
53,35,1994
54,35,1995
55,35,1996
56,35,1997
57,35,1998
58,35,1999
59,35,2000
60,35,2001
61,35,2002
62,35,2003
63,35,2004
64,35,2005
65,35,2006
66,35,2007
67,35,2008
68,35,2009
69,35,2010
70,35,2011
71,35,2012
75,35,2013
77,35,2014
78,35,2015
79,35,2016
81,35,2017
86,35,2018
87,35,2019
91,35,2020
97,35,2021
101,35,2022
102,35,2023
103,35,2024
105,35,2025
107,35,2026
108,35,2027
109,35,2028
110,35,2029
111,35,2030
112,35,2031
113,35,2032
114,35,2033
115,35,2034
116,35,2035
117,35,2036
118,35,2037
120,35,2038
121,35,2039
122,35,2040
123,35,2041
124,35,2042
126,35,2043
128,35,2044
131,35,2045
134,35,2046
135,35,2047
138,35,2048
143,35,2049
147,35,2050
148,35,2051
157,35,2052
159,35,2053
1,36,2054
2,36,2055
3,36,2056
4,36,2057
5,36,2058
6,36,2059
7,36,2060
8,36,2061
9,36,2062
15,36,2063
16,36,2064
17,36,2065
18,36,2066
19,36,2067
20,36,2068
21,36,2069
22,36,2070
25,36,2071
27,36,2072
30,36,2073
31,36,2074
32,36,2075
35,36,2076
36,36,2077
38,36,2078
39,36,2079
40,36,2080
41,36,2081
42,36,2082
45,36,2083
46,36,2084
47,36,2085
48,36,2086
49,36,2087
50,36,2088
51,36,2089
52,36,2090
53,36,2091
54,36,2092
55,36,2093
56,36,2094
57,36,2095
58,36,2096
59,36,2097
60,36,2098
61,36,2099
62,36,2100
63,36,2101
64,36,2102
65,36,2103
66,36,2104
67,36,2105
68,36,2106
69,36,2107
70,36,2108
71,36,2109
73,36,2110
75,36,2111
76,36,2112
77,36,2113
78,36,2114
79,36,2115
80,36,2116
81,36,2117
82,36,2118
83,36,2119
84,36,2120
88,36,2121
92,36,2122
93,36,2123
94,36,2124
99,36,2125
104,36,2126
106,36,2127
107,36,2128
108,36,2129
109,36,2130
110,36,2131
111,36,2132
112,36,2133
113,36,2134
114,36,2135
115,36,2136
116,36,2137
117,36,2138
119,36,2139
120,36,2140
121,36,2141
122,36,2142
123,36,2143
125,36,2144
126,36,2145
128,36,2146
129,36,2147
131,36,2148
132,36,2149
134,36,2150
135,36,2151
140,36,2152
143,36,2153
147,36,2154
156,36,2155
157,36,2156
1,37,2157
3,37,2158
5,37,2159
7,37,2160
8,37,2161
9,37,2162
16,37,2163
18,37,2164
20,37,2165
22,37,2166
25,37,2167
27,37,2168
30,37,2169
31,37,2170
35,37,2171
38,37,2172
39,37,2173
40,37,2174
41,37,2175
42,37,2176
45,37,2177
46,37,2178
47,37,2179
48,37,2180
49,37,2181
50,37,2182
51,37,2183
52,37,2184
53,37,2185
54,37,2186
55,37,2187
56,37,2188
57,37,2189
58,37,2190
59,37,2191
60,37,2192
61,37,2193
62,37,2194
63,37,2195
64,37,2196
65,37,2197
66,37,2198
67,37,2199
68,37,2200
69,37,2201
70,37,2202
71,37,2203
73,37,2204
74,37,2205
75,37,2206
77,37,2207
79,37,2208
80,37,2209
81,37,2210
84,37,2211
94,37,2212
99,37,2213
104,37,2214
106,37,2215
107,37,2216
108,37,2217
109,37,2218
110,37,2219
111,37,2220
112,37,2221
113,37,2222
114,37,2223
115,37,2224
116,37,2225
117,37,2226
119,37,2227
121,37,2228
122,37,2229
123,37,2230
125,37,2231
126,37,2232
128,37,2233
131,37,2234
134,37,2235
135,37,2236
143,37,2237
147,37,2238
1,39,2239
3,39,2240
5,39,2241
7,39,2242
8,39,2243
9,39,2244
16,39,2245
18,39,2246
20,39,2247
25,39,2248
38,39,2249
39,39,2250
40,39,2251
41,39,2252
45,39,2253
46,39,2254
47,39,2255
48,39,2256
49,39,2257
50,39,2258
51,39,2259
52,39,2260
53,39,2261
54,39,2262
55,39,2263
56,39,2264
57,39,2265
58,39,2266
59,39,2267
60,39,2268
61,39,2269
62,39,2270
63,39,2271
64,39,2272
65,39,2273
66,39,2274
67,39,2275
68,39,2276
69,39,2277
70,39,2278
71,39,2279
76,39,2280
77,39,2281
79,39,2282
81,39,2283
82,39,2284
83,39,2285
84,39,2286
88,39,2287
89,39,2288
92,39,2289
107,39,2290
108,39,2291
109,39,2292
110,39,2293
111,39,2294
112,39,2295
113,39,2296
114,39,2297
115,39,2298
116,39,2299
117,39,2300
121,39,2301
122,39,2302
123,39,2303
126,39,2304
128,39,2305
129,39,2306
131,39,2307
132,39,2308
134,39,2309
135,39,2310
147,39,2311
157,39,2312
1,40,2313
2,40,2314
3,40,2315
4,40,2316
5,40,2317
6,40,2318
7,40,2319
8,40,2320
9,40,2321
15,40,2322
16,40,2323
17,40,2324
18,40,2325
19,40,2326
20,40,2327
21,40,2328
22,40,2329
25,40,2330
27,40,2331
30,40,2332
31,40,2333
38,40,2334
39,40,2335
40,40,2336
41,40,2337
42,40,2338
45,40,2339
46,40,2340
47,40,2341
48,40,2342
49,40,2343
50,40,2344
51,40,2345
52,40,2346
53,40,2347
54,40,2348
55,40,2349
56,40,2350
57,40,2351
58,40,2352
59,40,2353
60,40,2354
61,40,2355
62,40,2356
63,40,2357
64,40,2358
65,40,2359
66,40,2360
67,40,2361
68,40,2362
69,40,2363
70,40,2364
71,40,2365
73,40,2366
74,40,2367
75,40,2368
77,40,2369
78,40,2370
79,40,2371
80,40,2372
81,40,2373
82,40,2374
84,40,2375
89,40,2376
94,40,2377
99,40,2378
104,40,2379
106,40,2380
107,40,2381
108,40,2382
109,40,2383
110,40,2384
111,40,2385
112,40,2386
113,40,2387
114,40,2388
115,40,2389
116,40,2390
117,40,2391
119,40,2392
120,40,2393
121,40,2394
122,40,2395
123,40,2396
125,40,2397
126,40,2398
128,40,2399
131,40,2400
134,40,2401
135,40,2402
143,40,2403
147,40,2404
149,40,2405
157,40,2406
1,42,2407
2,42,2408
3,42,2409
4,42,2410
5,42,2411
6,42,2412
7,42,2413
8,42,2414
9,42,2415
10,42,2416
12,42,2417
15,42,2418
16,42,2419
17,42,2420
18,42,2421
19,42,2422
20,42,2423
21,42,2424
22,42,2425
25,42,2426
27,42,2427
30,42,2428
31,42,2429
36,42,2430
38,42,2431
39,42,2432
40,42,2433
41,42,2434
42,42,2435
45,42,2436
46,42,2437
47,42,2438
48,42,2439
49,42,2440
50,42,2441
51,42,2442
52,42,2443
53,42,2444
54,42,2445
55,42,2446
56,42,2447
57,42,2448
58,42,2449
59,42,2450
60,42,2451
61,42,2452
62,42,2453
63,42,2454
64,42,2455
65,42,2456
66,42,2457
67,42,2458
68,42,2459
69,42,2460
70,42,2461
71,42,2462
76,42,2463
77,42,2464
78,42,2465
79,42,2466
81,42,2467
84,42,2468
89,42,2469
94,42,2470
99,42,2471
104,42,2472
106,42,2473
107,42,2474
108,42,2475
109,42,2476
110,42,2477
111,42,2478
112,42,2479
113,42,2480
114,42,2481
115,42,2482
116,42,2483
117,42,2484
119,42,2485
120,42,2486
121,42,2487
122,42,2488
123,42,2489
125,42,2490
126,42,2491
128,42,2492
131,42,2493
134,42,2494
135,42,2495
143,42,2496
147,42,2497
149,42,2498
150,42,2499
156,42,2500
157,42,2501
1,43,2502
2,43,2503
3,43,2504
4,43,2505
5,43,2506
6,43,2507
7,43,2508
8,43,2509
9,43,2510
10,43,2511
11,43,2512
12,43,2513
14,43,2514
15,43,2515
16,43,2516
17,43,2517
18,43,2518
19,43,2519
20,43,2520
21,43,2521
22,43,2522
25,43,2523
27,43,2524
35,43,2525
38,43,2526
39,43,2527
40,43,2528
41,43,2529
42,43,2530
45,43,2531
46,43,2532
47,43,2533
48,43,2534
49,43,2535
50,43,2536
51,43,2537
52,43,2538
53,43,2539
54,43,2540
55,43,2541
56,43,2542
57,43,2543
58,43,2544
59,43,2545
60,43,2546
61,43,2547
62,43,2548
63,43,2549
64,43,2550
65,43,2551
66,43,2552
67,43,2553
68,43,2554
69,43,2555
70,43,2556
71,43,2557
73,43,2558
77,43,2559
78,43,2560
79,43,2561
80,43,2562
81,43,2563
82,43,2564
83,43,2565
84,43,2566
85,43,2567
88,43,2568
92,43,2569
93,43,2570
107,43,2571
108,43,2572
109,43,2573
110,43,2574
111,43,2575
112,43,2576
113,43,2577
114,43,2578
115,43,2579
116,43,2580
117,43,2581
120,43,2582
121,43,2583
122,43,2584
123,43,2585
126,43,2586
128,43,2587
129,43,2588
131,43,2589
132,43,2590
134,43,2591
135,43,2592
143,43,2593
147,43,2594
157,43,2595
1,44,2596
2,44,2597
3,44,2598
4,44,2599
5,44,2600
6,44,2601
7,44,2602
8,44,2603
9,44,2604
15,44,2605
16,44,2606
17,44,2607
18,44,2608
19,44,2609
20,44,2610
21,44,2611
22,44,2612
25,44,2613
38,44,2614
39,44,2615
40,44,2616
41,44,2617
42,44,2618
45,44,2619
46,44,2620
47,44,2621
48,44,2622
49,44,2623
50,44,2624
51,44,2625
52,44,2626
53,44,2627
54,44,2628
55,44,2629
56,44,2630
57,44,2631
58,44,2632
59,44,2633
60,44,2634
61,44,2635
62,44,2636
63,44,2637
64,44,2638
65,44,2639
66,44,2640
67,44,2641
68,44,2642
69,44,2643
70,44,2644
71,44,2645
73,44,2646
76,44,2647
77,44,2648
79,44,2649
80,44,2650
81,44,2651
83,44,2652
85,44,2653
88,44,2654
92,44,2655
93,44,2656
107,44,2657
108,44,2658
109,44,2659
110,44,2660
111,44,2661
112,44,2662
113,44,2663
114,44,2664
115,44,2665
116,44,2666
117,44,2667
120,44,2668
121,44,2669
122,44,2670
123,44,2671
125,44,2672
126,44,2673
128,44,2674
129,44,2675
131,44,2676
132,44,2677
134,44,2678
135,44,2679
147,44,2680
1,45,2681
3,45,2682
5,45,2683
7,45,2684
8,45,2685
9,45,2686
16,45,2687
18,45,2688
20,45,2689
25,45,2690
27,45,2691
35,45,2692
36,45,2693
38,45,2694
39,45,2695
40,45,2696
41,45,2697
42,45,2698
45,45,2699
46,45,2700
47,45,2701
48,45,2702
49,45,2703
50,45,2704
51,45,2705
52,45,2706
53,45,2707
54,45,2708
55,45,2709
56,45,2710
57,45,2711
58,45,2712
59,45,2713
60,45,2714
61,45,2715
62,45,2716
63,45,2717
64,45,2718
65,45,2719
66,45,2720
67,45,2721
68,45,2722
69,45,2723
70,45,2724
71,45,2725
73,45,2726
76,45,2727
77,45,2728
78,45,2729
79,45,2730
80,45,2731
81,45,2732
83,45,2733
84,45,2734
85,45,2735
88,45,2736
89,45,2737
92,45,2738
107,45,2739
108,45,2740
109,45,2741
110,45,2742
111,45,2743
112,45,2744
113,45,2745
114,45,2746
115,45,2747
116,45,2748
117,45,2749
120,45,2750
121,45,2751
122,45,2752
123,45,2753
126,45,2754
128,45,2755
129,45,2756
131,45,2757
132,45,2758
134,45,2759
135,45,2760
143,45,2761
147,45,2762
154,45,2763
157,45,2764
1,46,2765
3,46,2766
5,46,2767
7,46,2768
8,46,2769
9,46,2770
16,46,2771
18,46,2772
20,46,2773
22,46,2774
24,46,2775
25,46,2776
27,46,2777
31,46,2778
38,46,2779
39,46,2780
40,46,2781
41,46,2782
42,46,2783
45,46,2784
46,46,2785
47,46,2786
48,46,2787
49,46,2788
50,46,2789
51,46,2790
52,46,2791
53,46,2792
54,46,2793
55,46,2794
56,46,2795
57,46,2796
58,46,2797
59,46,2798
60,46,2799
61,46,2800
62,46,2801
63,46,2802
64,46,2803
65,46,2804
66,46,2805
67,46,2806
68,46,2807
69,46,2808
70,46,2809
71,46,2810
75,46,2811
76,46,2812
77,46,2813
78,46,2814
79,46,2815
80,46,2816
81,46,2817
84,46,2818
86,46,2819
87,46,2820
89,46,2821
91,46,2822
97,46,2823
101,46,2824
102,46,2825
103,46,2826
105,46,2827
107,46,2828
108,46,2829
109,46,2830
110,46,2831
111,46,2832
112,46,2833
113,46,2834
114,46,2835
115,46,2836
116,46,2837
117,46,2838
118,46,2839
120,46,2840
121,46,2841
122,46,2842
123,46,2843
124,46,2844
126,46,2845
128,46,2846
131,46,2847
134,46,2848
135,46,2849
138,46,2850
143,46,2851
147,46,2852
157,46,2853
159,46,2854
1,47,2855
3,47,2856
7,47,2857
22,47,2858
24,47,2859
25,47,2860
27,47,2861
35,47,2862
36,47,2863
38,47,2864
39,47,2865
40,47,2866
41,47,2867
42,47,2868
45,47,2869
46,47,2870
47,47,2871
48,47,2872
49,47,2873
50,47,2874
51,47,2875
52,47,2876
53,47,2877
54,47,2878
55,47,2879
56,47,2880
57,47,2881
58,47,2882
59,47,2883
60,47,2884
61,47,2885
62,47,2886
63,47,2887
64,47,2888
65,47,2889
66,47,2890
67,47,2891
68,47,2892
69,47,2893
70,47,2894
71,47,2895
73,47,2896
74,47,2897
76,47,2898
77,47,2899
78,47,2900
79,47,2901
80,47,2902
81,47,2903
82,47,2904
84,47,2905
86,47,2906
87,47,2907
89,47,2908
96,47,2909
97,47,2910
101,47,2911
102,47,2912
107,47,2913
108,47,2914
109,47,2915
110,47,2916
111,47,2917
112,47,2918
113,47,2919
114,47,2920
115,47,2921
116,47,2922
117,47,2923
120,47,2924
121,47,2925
122,47,2926
123,47,2927
126,47,2928
128,47,2929
131,47,2930
134,47,2931
135,47,2932
143,47,2933
147,47,2934
159,47,2935
1,48,2936
3,48,2937
5,48,2938
7,48,2939
8,48,2940
9,48,2941
16,48,2942
18,48,2943
20,48,2944
22,48,2945
25,48,2946
27,48,2947
35,48,2948
36,48,2949
38,48,2950
39,48,2951
40,48,2952
41,48,2953
42,48,2954
45,48,2955
46,48,2956
47,48,2957
48,48,2958
49,48,2959
50,48,2960
51,48,2961
52,48,2962
53,48,2963
54,48,2964
55,48,2965
56,48,2966
57,48,2967
58,48,2968
59,48,2969
60,48,2970
61,48,2971
62,48,2972
63,48,2973
64,48,2974
65,48,2975
66,48,2976
67,48,2977
68,48,2978
69,48,2979
70,48,2980
71,48,2981
72,48,2982
73,48,2983
77,48,2984
79,48,2985
80,48,2986
81,48,2987
84,48,2988
89,48,2989
107,48,2990
108,48,2991
109,48,2992
110,48,2993
111,48,2994
112,48,2995
113,48,2996
114,48,2997
115,48,2998
116,48,2999
117,48,3000
120,48,3001
121,48,3002
122,48,3003
123,48,3004
126,48,3005
128,48,3006
131,48,3007
134,48,3008
135,48,3009
143,48,3010
145,48,3011
147,48,3012
149,48,3013
150,48,3014
153,48,3015
157,48,3016
158,48,3017
1,49,3018
3,49,3019
7,49,3020
22,49,3021
24,49,3022
25,49,3023
27,49,3024
38,49,3025
39,49,3026
40,49,3027
41,49,3028
42,49,3029
45,49,3030
46,49,3031
47,49,3032
48,49,3033
49,49,3034
50,49,3035
51,49,3036
52,49,3037
53,49,3038
54,49,3039
55,49,3040
56,49,3041
57,49,3042
58,49,3043
59,49,3044
60,49,3045
61,49,3046
62,49,3047
63,49,3048
64,49,3049
65,49,3050
66,49,3051
67,49,3052
68,49,3053
69,49,3054
70,49,3055
71,49,3056
74,49,3057
77,49,3058
78,49,3059
79,49,3060
80,49,3061
81,49,3062
82,49,3063
84,49,3064
85,49,3065
86,49,3066
87,49,3067
96,49,3068
97,49,3069
101,49,3070
102,49,3071
107,49,3072
108,49,3073
109,49,3074
110,49,3075
111,49,3076
112,49,3077
113,49,3078
114,49,3079
115,49,3080
116,49,3081
117,49,3082
120,49,3083
121,49,3084
122,49,3085
123,49,3086
126,49,3087
128,49,3088
131,49,3089
134,49,3090
135,49,3091
147,49,3092
159,49,3093
1,51,3094
2,51,3095
3,51,3096
4,51,3097
5,51,3098
6,51,3099
7,51,3100
8,51,3101
9,51,3102
10,51,3103
12,51,3104
15,51,3105
16,51,3106
17,51,3107
18,51,3108
19,51,3109
20,51,3110
21,51,3111
22,51,3112
25,51,3113
27,51,3114
30,51,3115
31,51,3116
33,51,3117
35,51,3118
38,51,3119
39,51,3120
40,51,3121
41,51,3122
42,51,3123
45,51,3124
46,51,3125
47,51,3126
48,51,3127
49,51,3128
50,51,3129
51,51,3130
52,51,3131
53,51,3132
54,51,3133
55,51,3134
56,51,3135
57,51,3136
58,51,3137
59,51,3138
60,51,3139
61,51,3140
62,51,3141
63,51,3142
64,51,3143
65,51,3144
66,51,3145
67,51,3146
68,51,3147
69,51,3148
70,51,3149
71,51,3150
73,51,3151
74,51,3152
75,51,3153
77,51,3154
79,51,3155
80,51,3156
81,51,3157
89,51,3158
94,51,3159
99,51,3160
104,51,3161
106,51,3162
107,51,3163
108,51,3164
109,51,3165
110,51,3166
111,51,3167
112,51,3168
113,51,3169
114,51,3170
115,51,3171
116,51,3172
117,51,3173
119,51,3174
121,51,3175
122,51,3176
123,51,3177
125,51,3178
126,51,3179
128,51,3180
131,51,3181
134,51,3182
135,51,3183
143,51,3184
147,51,3185
157,51,3186
1,52,3187
3,52,3188
5,52,3189
7,52,3190
8,52,3191
9,52,3192
16,52,3193
22,52,3194
24,52,3195
25,52,3196
27,52,3197
35,52,3198
38,52,3199
39,52,3200
40,52,3201
41,52,3202
42,52,3203
45,52,3204
46,52,3205
47,52,3206
48,52,3207
49,52,3208
50,52,3209
51,52,3210
52,52,3211
53,52,3212
54,52,3213
55,52,3214
56,52,3215
57,52,3216
58,52,3217
59,52,3218
60,52,3219
61,52,3220
62,52,3221
63,52,3222
64,52,3223
65,52,3224
66,52,3225
67,52,3226
68,52,3227
69,52,3228
70,52,3229
71,52,3230
73,52,3231
76,52,3232
77,52,3233
78,52,3234
79,52,3235
80,52,3236
81,52,3237
82,52,3238
84,52,3239
89,52,3240
107,52,3241
108,52,3242
109,52,3243
110,52,3244
111,52,3245
112,52,3246
113,52,3247
114,52,3248
115,52,3249
116,52,3250
117,52,3251
120,52,3252
121,52,3253
122,52,3254
123,52,3255
124,52,3256
126,52,3257
128,52,3258
131,52,3259
134,52,3260
135,52,3261
143,52,3262
147,52,3263
149,52,3264
150,52,3265
157,52,3266
159,52,3267
1,54,3268
3,54,3269
5,54,3270
7,54,3271
8,54,3272
9,54,3273
16,54,3274
18,54,3275
20,54,3276
22,54,3277
25,54,3278
35,54,3279
38,54,3280
39,54,3281
40,54,3282
41,54,3283
45,54,3284
46,54,3285
47,54,3286
48,54,3287
49,54,3288
50,54,3289
51,54,3290
52,54,3291
53,54,3292
54,54,3293
55,54,3294
56,54,3295
57,54,3296
58,54,3297
59,54,3298
60,54,3299
61,54,3300
62,54,3301
63,54,3302
64,54,3303
65,54,3304
66,54,3305
67,54,3306
68,54,3307
69,54,3308
70,54,3309
71,54,3310
73,54,3311
77,54,3312
78,54,3313
79,54,3314
80,54,3315
81,54,3316
83,54,3317
85,54,3318
88,54,3319
92,54,3320
107,54,3321
108,54,3322
109,54,3323
110,54,3324
111,54,3325
112,54,3326
113,54,3327
114,54,3328
115,54,3329
116,54,3330
117,54,3331
120,54,3332
121,54,3333
122,54,3334
123,54,3335
125,54,3336
126,54,3337
128,54,3338
129,54,3339
131,54,3340
132,54,3341
134,54,3342
135,54,3343
147,54,3344
157,54,3345
1,55,3346
3,55,3347
5,55,3348
7,55,3349
8,55,3350
9,55,3351
16,55,3352
18,55,3353
20,55,3354
22,55,3355
25,55,3356
35,55,3357
38,55,3358
39,55,3359
40,55,3360
41,55,3361
42,55,3362
45,55,3363
46,55,3364
47,55,3365
48,55,3366
49,55,3367
50,55,3368
51,55,3369
52,55,3370
53,55,3371
54,55,3372
55,55,3373
56,55,3374
57,55,3375
58,55,3376
59,55,3377
60,55,3378
61,55,3379
62,55,3380
63,55,3381
64,55,3382
65,55,3383
66,55,3384
67,55,3385
68,55,3386
69,55,3387
70,55,3388
71,55,3389
73,55,3390
76,55,3391
77,55,3392
79,55,3393
80,55,3394
81,55,3395
83,55,3396
85,55,3397
88,55,3398
92,55,3399
107,55,3400
108,55,3401
109,55,3402
110,55,3403
111,55,3404
112,55,3405
113,55,3406
114,55,3407
115,55,3408
116,55,3409
117,55,3410
120,55,3411
121,55,3412
122,55,3413
123,55,3414
125,55,3415
126,55,3416
128,55,3417
129,55,3418
131,55,3419
132,55,3420
134,55,3421
135,55,3422
147,55,3423
157,55,3424
1,56,3425
2,56,3426
3,56,3427
4,56,3428
5,56,3429
6,56,3430
7,56,3431
8,56,3432
9,56,3433
15,56,3434
16,56,3435
17,56,3436
18,56,3437
19,56,3438
20,56,3439
21,56,3440
22,56,3441
25,56,3442
27,56,3443
36,56,3444
38,56,3445
39,56,3446
40,56,3447
41,56,3448
42,56,3449
45,56,3450
46,56,3451
47,56,3452
48,56,3453
49,56,3454
50,56,3455
51,56,3456
52,56,3457
53,56,3458
54,56,3459
55,56,3460
56,56,3461
57,56,3462
58,56,3463
59,56,3464
60,56,3465
61,56,3466
62,56,3467
63,56,3468
64,56,3469
65,56,3470
66,56,3471
67,56,3472
68,56,3473
69,56,3474
70,56,3475
71,56,3476
73,56,3477
76,56,3478
77,56,3479
78,56,3480
79,56,3481
80,56,3482
81,56,3483
82,56,3484
83,56,3485
85,56,3486
88,56,3487
89,56,3488
90,56,3489
92,56,3490
107,56,3491
108,56,3492
109,56,3493
110,56,3494
111,56,3495
112,56,3496
113,56,3497
114,56,3498
115,56,3499
116,56,3500
117,56,3501
120,56,3502
121,56,3503
122,56,3504
123,56,3505
126,56,3506
128,56,3507
129,56,3508
131,56,3509
132,56,3510
134,56,3511
135,56,3512
143,56,3513
147,56,3514
149,56,3515
150,56,3516
156,56,3517
157,56,3518
159,56,3519
1,57,3520
3,57,3521
5,57,3522
7,57,3523
8,57,3524
9,57,3525
16,57,3526
18,57,3527
20,57,3528
22,57,3529
25,57,3530
36,57,3531
38,57,3532
39,57,3533
40,57,3534
41,57,3535
42,57,3536
45,57,3537
46,57,3538
47,57,3539
48,57,3540
49,57,3541
50,57,3542
51,57,3543
52,57,3544
53,57,3545
54,57,3546
55,57,3547
56,57,3548
57,57,3549
58,57,3550
59,57,3551
60,57,3552
61,57,3553
62,57,3554
63,57,3555
64,57,3556
65,57,3557
66,57,3558
67,57,3559
68,57,3560
69,57,3561
70,57,3562
71,57,3563
77,57,3564
78,57,3565
79,57,3566
81,57,3567
82,57,3568
83,57,3569
84,57,3570
85,57,3571
90,57,3572
107,57,3573
108,57,3574
109,57,3575
110,57,3576
111,57,3577
112,57,3578
113,57,3579
114,57,3580
115,57,3581
116,57,3582
117,57,3583
120,57,3584
121,57,3585
122,57,3586
123,57,3587
125,57,3588
126,57,3589
128,57,3590
131,57,3591
134,57,3592
135,57,3593
147,57,3594
157,57,3595
1,59,3596
2,59,3597
3,59,3598
4,59,3599
5,59,3600
6,59,3601
7,59,3602
8,59,3603
9,59,3604
15,59,3605
16,59,3606
17,59,3607
18,59,3608
19,59,3609
20,59,3610
21,59,3611
22,59,3612
25,59,3613
28,59,3614
36,59,3615
38,59,3616
39,59,3617
40,59,3618
41,59,3619
42,59,3620
45,59,3621
46,59,3622
47,59,3623
48,59,3624
49,59,3625
50,59,3626
51,59,3627
52,59,3628
53,59,3629
54,59,3630
55,59,3631
56,59,3632
57,59,3633
58,59,3634
59,59,3635
60,59,3636
61,59,3637
62,59,3638
63,59,3639
64,59,3640
65,59,3641
66,59,3642
67,59,3643
68,59,3644
69,59,3645
70,59,3646
71,59,3647
73,59,3648
76,59,3649
77,59,3650
78,59,3651
79,59,3652
81,59,3653
84,59,3654
89,59,3655
95,59,3656
100,59,3657
107,59,3658
108,59,3659
109,59,3660
110,59,3661
111,59,3662
112,59,3663
113,59,3664
114,59,3665
115,59,3666
116,59,3667
117,59,3668
120,59,3669
121,59,3670
122,59,3671
123,59,3672
126,59,3673
127,59,3674
128,59,3675
130,59,3676
131,59,3677
134,59,3678
135,59,3679
143,59,3680
147,59,3681
149,59,3682
157,59,3683
159,59,3684
1,60,3685
2,60,3686
3,60,3687
4,60,3688
5,60,3689
6,60,3690
7,60,3691
8,60,3692
9,60,3693
15,60,3694
16,60,3695
17,60,3696
18,60,3697
19,60,3698
20,60,3699
21,60,3700
22,60,3701
25,60,3702
26,60,3703
27,60,3704
30,60,3705
31,60,3706
32,60,3707
34,60,3708
35,60,3709
36,60,3710
38,60,3711
39,60,3712
40,60,3713
41,60,3714
42,60,3715
45,60,3716
46,60,3717
47,60,3718
48,60,3719
49,60,3720
50,60,3721
51,60,3722
52,60,3723
53,60,3724
54,60,3725
55,60,3726
56,60,3727
57,60,3728
58,60,3729
59,60,3730
60,60,3731
61,60,3732
62,60,3733
63,60,3734
64,60,3735
65,60,3736
66,60,3737
67,60,3738
68,60,3739
69,60,3740
70,60,3741
71,60,3742
74,60,3743
75,60,3744
77,60,3745
79,60,3746
80,60,3747
81,60,3748
84,60,3749
88,60,3750
92,60,3751
93,60,3752
94,60,3753
99,60,3754
104,60,3755
106,60,3756
107,60,3757
108,60,3758
109,60,3759
110,60,3760
111,60,3761
112,60,3762
113,60,3763
114,60,3764
115,60,3765
116,60,3766
117,60,3767
119,60,3768
120,60,3769
121,60,3770
122,60,3771
123,60,3772
124,60,3773
125,60,3774
126,60,3775
128,60,3776
129,60,3777
131,60,3778
132,60,3779
134,60,3780
135,60,3781
140,60,3782
143,60,3783
147,60,3784
1,61,3785
2,61,3786
3,61,3787
4,61,3788
5,61,3789
6,61,3790
7,61,3791
8,61,3792
9,61,3793
10,61,3794
12,61,3795
15,61,3796
16,61,3797
17,61,3798
18,61,3799
19,61,3800
20,61,3801
21,61,3802
22,61,3803
25,61,3804
27,61,3805
30,61,3806
31,61,3807
38,61,3808
39,61,3809
40,61,3810
41,61,3811
42,61,3812
45,61,3813
46,61,3814
47,61,3815
48,61,3816
49,61,3817
50,61,3818
51,61,3819
52,61,3820
53,61,3821
54,61,3822
55,61,3823
56,61,3824
57,61,3825
58,61,3826
59,61,3827
60,61,3828
61,61,3829
62,61,3830
63,61,3831
64,61,3832
65,61,3833
66,61,3834
67,61,3835
68,61,3836
69,61,3837
70,61,3838
71,61,3839
73,61,3840
75,61,3841
77,61,3842
79,61,3843
81,61,3844
84,61,3845
94,61,3846
99,61,3847
104,61,3848
106,61,3849
107,61,3850
108,61,3851
109,61,3852
110,61,3853
111,61,3854
112,61,3855
113,61,3856
114,61,3857
115,61,3858
116,61,3859
117,61,3860
119,61,3861
120,61,3862
121,61,3863
122,61,3864
123,61,3865
126,61,3866
128,61,3867
131,61,3868
134,61,3869
135,61,3870
136,61,3871
143,61,3872
147,61,3873
1,62,3874
2,62,3875
3,62,3876
4,62,3877
5,62,3878
6,62,3879
7,62,3880
8,62,3881
9,62,3882
10,62,3883
12,62,3884
15,62,3885
16,62,3886
17,62,3887
18,62,3888
19,62,3889
20,62,3890
21,62,3891
22,62,3892
25,62,3893
27,62,3894
31,62,3895
32,62,3896
38,62,3897
39,62,3898
40,62,3899
41,62,3900
42,62,3901
45,62,3902
46,62,3903
47,62,3904
48,62,3905
49,62,3906
50,62,3907
51,62,3908
52,62,3909
53,62,3910
54,62,3911
55,62,3912
56,62,3913
57,62,3914
58,62,3915
59,62,3916
60,62,3917
61,62,3918
62,62,3919
63,62,3920
64,62,3921
65,62,3922
66,62,3923
67,62,3924
68,62,3925
69,62,3926
70,62,3927
71,62,3928
73,62,3929
75,62,3930
76,62,3931
77,62,3932
78,62,3933
79,62,3934
80,62,3935
81,62,3936
83,62,3937
84,62,3938
85,62,3939
88,62,3940
92,62,3941
93,62,3942
107,62,3943
108,62,3944
109,62,3945
110,62,3946
111,62,3947
112,62,3948
113,62,3949
114,62,3950
115,62,3951
116,62,3952
117,62,3953
120,62,3954
121,62,3955
122,62,3956
123,62,3957
125,62,3958
126,62,3959
128,62,3960
129,62,3961
131,62,3962
132,62,3963
134,62,3964
135,62,3965
143,62,3966
147,62,3967
1,63,3968
3,63,3969
5,63,3970
7,63,3971
8,63,3972
9,63,3973
16,63,3974
18,63,3975
20,63,3976
25,63,3977
31,63,3978
38,63,3979
39,63,3980
40,63,3981
41,63,3982
45,63,3983
46,63,3984
47,63,3985
48,63,3986
49,63,3987
50,63,3988
51,63,3989
52,63,3990
53,63,3991
54,63,3992
55,63,3993
56,63,3994
57,63,3995
58,63,3996
59,63,3997
60,63,3998
61,63,3999
62,63,4000
63,63,4001
64,63,4002
65,63,4003
66,63,4004
67,63,4005
68,63,4006
69,63,4007
70,63,4008
71,63,4009
73,63,4010
75,63,4011
76,63,4012
77,63,4013
78,63,4014
79,63,4015
81,63,4016
84,63,4017
88,63,4018
89,63,4019
92,63,4020
94,63,4021
99,63,4022
104,63,4023
106,63,4024
107,63,4025
108,63,4026
109,63,4027
110,63,4028
111,63,4029
112,63,4030
113,63,4031
114,63,4032
115,63,4033
116,63,4034
117,63,4035
119,63,4036
120,63,4037
121,63,4038
122,63,4039
123,63,4040
126,63,4041
128,63,4042
129,63,4043
131,63,4044
132,63,4045
134,63,4046
135,63,4047
147,63,4048
149,63,4049
150,63,4050
157,63,4051
1,67,4052
3,67,4053
5,67,4054
7,67,4055
8,67,4056
9,67,4057
16,67,4058
18,67,4059
22,67,4060
25,67,4061
27,67,4062
38,67,4063
39,67,4064
40,67,4065
41,67,4066
42,67,4067
45,67,4068
46,67,4069
47,67,4070
48,67,4071
49,67,4072
50,67,4073
51,67,4074
52,67,4075
53,67,4076
54,67,4077
55,67,4078
56,67,4079
57,67,4080
58,67,4081
59,67,4082
60,67,4083
61,67,4084
62,67,4085
63,67,4086
64,67,4087
65,67,4088
66,67,4089
67,67,4090
68,67,4091
69,67,4092
70,67,4093
71,67,4094
73,67,4095
76,67,4096
77,67,4097
79,67,4098
80,67,4099
81,67,4100
84,67,4101
89,67,4102
107,67,4103
108,67,4104
109,67,4105
110,67,4106
111,67,4107
112,67,4108
113,67,4109
114,67,4110
115,67,4111
116,67,4112
117,67,4113
120,67,4114
121,67,4115
122,67,4116
123,67,4117
125,67,4118
126,67,4119
127,67,4120
128,67,4121
130,67,4122
131,67,4123
134,67,4124
135,67,4125
143,67,4126
147,67,4127
149,67,4128
150,67,4129
151,67,4130
1,69,4131
2,69,4132
3,69,4133
4,69,4134
5,69,4135
6,69,4136
7,69,4137
8,69,4138
9,69,4139
15,69,4140
16,69,4141
17,69,4142
18,69,4143
19,69,4144
20,69,4145
21,69,4146
22,69,4147
25,69,4148
27,69,4149
38,69,4150
39,69,4151
40,69,4152
41,69,4153
42,69,4154
45,69,4155
46,69,4156
47,69,4157
48,69,4158
49,69,4159
50,69,4160
51,69,4161
52,69,4162
53,69,4163
54,69,4164
55,69,4165
56,69,4166
57,69,4167
58,69,4168
59,69,4169
60,69,4170
61,69,4171
62,69,4172
63,69,4173
64,69,4174
65,69,4175
66,69,4176
67,69,4177
68,69,4178
69,69,4179
70,69,4180
71,69,4181
73,69,4182
76,69,4183
77,69,4184
78,69,4185
79,69,4186
80,69,4187
81,69,4188
82,69,4189
83,69,4190
84,69,4191
85,69,4192
88,69,4193
90,69,4194
92,69,4195
107,69,4196
108,69,4197
109,69,4198
110,69,4199
111,69,4200
112,69,4201
113,69,4202
114,69,4203
115,69,4204
116,69,4205
117,69,4206
121,69,4207
122,69,4208
123,69,4209
126,69,4210
128,69,4211
129,69,4212
131,69,4213
132,69,4214
134,69,4215
135,69,4216
143,69,4217
147,69,4218
159,69,4219
1,70,4220
3,70,4221
5,70,4222
7,70,4223
8,70,4224
9,70,4225
16,70,4226
18,70,4227
20,70,4228
25,70,4229
27,70,4230
35,70,4231
38,70,4232
39,70,4233
40,70,4234
41,70,4235
42,70,4236
45,70,4237
46,70,4238
47,70,4239
48,70,4240
49,70,4241
50,70,4242
51,70,4243
52,70,4244
53,70,4245
54,70,4246
55,70,4247
56,70,4248
57,70,4249
58,70,4250
59,70,4251
60,70,4252
61,70,4253
62,70,4254
63,70,4255
64,70,4256
65,70,4257
66,70,4258
67,70,4259
68,70,4260
69,70,4261
70,70,4262
71,70,4263
73,70,4264
76,70,4265
77,70,4266
78,70,4267
79,70,4268
80,70,4269
81,70,4270
83,70,4271
84,70,4272
85,70,4273
88,70,4274
89,70,4275
92,70,4276
107,70,4277
108,70,4278
109,70,4279
110,70,4280
111,70,4281
112,70,4282
113,70,4283
114,70,4284
115,70,4285
116,70,4286
117,70,4287
121,70,4288
122,70,4289
123,70,4290
126,70,4291
128,70,4292
129,70,4293
131,70,4294
132,70,4295
134,70,4296
135,70,4297
143,70,4298
147,70,4299
149,70,4300
150,70,4301
157,70,4302
1,71,4303
2,71,4304
3,71,4305
4,71,4306
5,71,4307
6,71,4308
7,71,4309
8,71,4310
9,71,4311
10,71,4312
12,71,4313
15,71,4314
16,71,4315
17,71,4316
18,71,4317
19,71,4318
20,71,4319
21,71,4320
22,71,4321
25,71,4322
27,71,4323
30,71,4324
31,71,4325
35,71,4326
36,71,4327
38,71,4328
39,71,4329
40,71,4330
41,71,4331
42,71,4332
45,71,4333
46,71,4334
47,71,4335
48,71,4336
49,71,4337
50,71,4338
51,71,4339
52,71,4340
53,71,4341
54,71,4342
55,71,4343
56,71,4344
57,71,4345
58,71,4346
59,71,4347
60,71,4348
61,71,4349
62,71,4350
63,71,4351
64,71,4352
65,71,4353
66,71,4354
67,71,4355
68,71,4356
69,71,4357
70,71,4358
71,71,4359
75,71,4360
76,71,4361
77,71,4362
78,71,4363
79,71,4364
81,71,4365
84,71,4366
88,71,4367
92,71,4368
94,71,4369
99,71,4370
104,71,4371
106,71,4372
107,71,4373
108,71,4374
109,71,4375
110,71,4376
111,71,4377
112,71,4378
113,71,4379
114,71,4380
115,71,4381
116,71,4382
117,71,4383
119,71,4384
120,71,4385
121,71,4386
122,71,4387
123,71,4388
125,71,4389
126,71,4390
128,71,4391
129,71,4392
131,71,4393
132,71,4394
134,71,4395
135,71,4396
136,71,4397
143,71,4398
147,71,4399
157,71,4400
1,73,4401
2,73,4402
3,73,4403
4,73,4404
5,73,4405
6,73,4406
7,73,4407
8,73,4408
9,73,4409
15,73,4410
16,73,4411
17,73,4412
18,73,4413
19,73,4414
20,73,4415
21,73,4416
25,73,4417
27,73,4418
38,73,4419
39,73,4420
40,73,4421
41,73,4422
42,73,4423
45,73,4424
46,73,4425
47,73,4426
48,73,4427
49,73,4428
50,73,4429
51,73,4430
52,73,4431
53,73,4432
54,73,4433
55,73,4434
56,73,4435
57,73,4436
58,73,4437
59,73,4438
60,73,4439
61,73,4440
62,73,4441
63,73,4442
64,73,4443
65,73,4444
66,73,4445
67,73,4446
68,73,4447
69,73,4448
70,73,4449
71,73,4450
73,73,4451
76,73,4452
77,73,4453
79,73,4454
81,73,4455
83,73,4456
84,73,4457
85,73,4458
88,73,4459
89,73,4460
92,73,4461
107,73,4462
108,73,4463
109,73,4464
110,73,4465
111,73,4466
112,73,4467
113,73,4468
114,73,4469
115,73,4470
116,73,4471
117,73,4472
121,73,4473
122,73,4474
123,73,4475
126,73,4476
128,73,4477
129,73,4478
131,73,4479
132,73,4480
134,73,4481
135,73,4482
143,73,4483
147,73,4484
151,73,4485
154,73,4486
157,73,4487
1,74,4488
3,74,4489
5,74,4490
7,74,4491
8,74,4492
9,74,4493
16,74,4494
22,74,4495
24,74,4496
25,74,4497
27,74,4498
34,74,4499
35,74,4500
36,74,4501
38,74,4502
39,74,4503
40,74,4504
41,74,4505
42,74,4506
45,74,4507
46,74,4508
47,74,4509
48,74,4510
49,74,4511
50,74,4512
51,74,4513
52,74,4514
53,74,4515
54,74,4516
55,74,4517
56,74,4518
57,74,4519
58,74,4520
59,74,4521
60,74,4522
61,74,4523
62,74,4524
63,74,4525
64,74,4526
65,74,4527
66,74,4528
67,74,4529
68,74,4530
69,74,4531
70,74,4532
71,74,4533
73,74,4534
77,74,4535
78,74,4536
79,74,4537
80,74,4538
81,74,4539
82,74,4540
84,74,4541
86,74,4542
87,74,4543
89,74,4544
96,74,4545
97,74,4546
101,74,4547
102,74,4548
107,74,4549
108,74,4550
109,74,4551
110,74,4552
111,74,4553
112,74,4554
113,74,4555
114,74,4556
115,74,4557
116,74,4558
117,74,4559
120,74,4560
121,74,4561
122,74,4562
123,74,4563
126,74,4564
128,74,4565
131,74,4566
134,74,4567
135,74,4568
143,74,4569
147,74,4570
149,74,4571
150,74,4572
157,74,4573
159,74,4574
1,75,4575
3,75,4576
5,75,4577
7,75,4578
8,75,4579
9,75,4580
16,75,4581
18,75,4582
20,75,4583
22,75,4584
25,75,4585
34,75,4586
35,75,4587
38,75,4588
39,75,4589
40,75,4590
41,75,4591
42,75,4592
45,75,4593
46,75,4594
47,75,4595
48,75,4596
49,75,4597
50,75,4598
51,75,4599
52,75,4600
53,75,4601
54,75,4602
55,75,4603
56,75,4604
57,75,4605
58,75,4606
59,75,4607
60,75,4608
61,75,4609
62,75,4610
63,75,4611
64,75,4612
65,75,4613
66,75,4614
67,75,4615
68,75,4616
69,75,4617
70,75,4618
71,75,4619
73,75,4620
77,75,4621
79,75,4622
80,75,4623
81,75,4624
84,75,4625
89,75,4626
107,75,4627
108,75,4628
109,75,4629
110,75,4630
111,75,4631
112,75,4632
113,75,4633
114,75,4634
115,75,4635
116,75,4636
117,75,4637
120,75,4638
121,75,4639
122,75,4640
123,75,4641
126,75,4642
127,75,4643
128,75,4644
130,75,4645
131,75,4646
134,75,4647
135,75,4648
143,75,4649
147,75,4650
149,75,4651
150,75,4652
157,75,4653
158,75,4654
159,75,4655
1,76,4656
2,76,4657
3,76,4658
4,76,4659
5,76,4660
6,76,4661
7,76,4662
8,76,4663
9,76,4664
10,76,4665
11,76,4666
12,76,4667
13,76,4668
14,76,4669
15,76,4670
16,76,4671
17,76,4672
18,76,4673
19,76,4674
20,76,4675
21,76,4676
22,76,4677
25,76,4678
27,76,4679
35,76,4680
38,76,4681
39,76,4682
40,76,4683
41,76,4684
42,76,4685
45,76,4686
46,76,4687
47,76,4688
48,76,4689
49,76,4690
50,76,4691
51,76,4692
52,76,4693
53,76,4694
54,76,4695
55,76,4696
56,76,4697
57,76,4698
58,76,4699
59,76,4700
60,76,4701
61,76,4702
62,76,4703
63,76,4704
64,76,4705
65,76,4706
66,76,4707
67,76,4708
68,76,4709
69,76,4710
70,76,4711
71,76,4712
73,76,4713
76,76,4714
77,76,4715
78,76,4716
79,76,4717
80,76,4718
81,76,4719
84,76,4720
89,76,4721
107,76,4722
108,76,4723
109,76,4724
110,76,4725
111,76,4726
112,76,4727
113,76,4728
114,76,4729
115,76,4730
116,76,4731
117,76,4732
120,76,4733
121,76,4734
122,76,4735
123,76,4736
125,76,4737
126,76,4738
127,76,4739
128,76,4740
130,76,4741
131,76,4742
134,76,4743
135,76,4744
143,76,4745
147,76,4746
157,76,4747
1,78,4748
3,78,4749
5,78,4750
7,78,4751
8,78,4752
9,78,4753
16,78,4754
18,78,4755
20,78,4756
22,78,4757
23,78,4758
25,78,4759
27,78,4760
33,78,4761
35,78,4762
36,78,4763
38,78,4764
39,78,4765
40,78,4766
41,78,4767
42,78,4768
45,78,4769
46,78,4770
47,78,4771
48,78,4772
49,78,4773
50,78,4774
51,78,4775
52,78,4776
53,78,4777
54,78,4778
55,78,4779
56,78,4780
57,78,4781
58,78,4782
59,78,4783
60,78,4784
61,78,4785
62,78,4786
63,78,4787
64,78,4788
65,78,4789
66,78,4790
67,78,4791
68,78,4792
69,78,4793
70,78,4794
71,78,4795
72,78,4796
73,78,4797
76,78,4798
77,78,4799
79,78,4800
80,78,4801
81,78,4802
84,78,4803
89,78,4804
107,78,4805
108,78,4806
109,78,4807
110,78,4808
111,78,4809
112,78,4810
113,78,4811
114,78,4812
115,78,4813
116,78,4814
117,78,4815
120,78,4816
121,78,4817
122,78,4818
123,78,4819
125,78,4820
126,78,4821
127,78,4822
128,78,4823
130,78,4824
131,78,4825
134,78,4826
135,78,4827
143,78,4828
147,78,4829
149,78,4830
150,78,4831
151,78,4832
152,78,4833
156,78,4834
157,78,4835
158,78,4836
159,78,4837
1,79,4838
3,79,4839
5,79,4840
7,79,4841
8,79,4842
9,79,4843
16,79,4844
22,79,4845
24,79,4846
25,79,4847
27,79,4848
35,79,4849
36,79,4850
38,79,4851
39,79,4852
40,79,4853
41,79,4854
42,79,4855
45,79,4856
46,79,4857
47,79,4858
48,79,4859
49,79,4860
50,79,4861
51,79,4862
52,79,4863
53,79,4864
54,79,4865
55,79,4866
56,79,4867
57,79,4868
58,79,4869
59,79,4870
60,79,4871
61,79,4872
62,79,4873
63,79,4874
64,79,4875
65,79,4876
66,79,4877
67,79,4878
68,79,4879
69,79,4880
70,79,4881
71,79,4882
73,79,4883
76,79,4884
77,79,4885
78,79,4886
79,79,4887
80,79,4888
81,79,4889
82,79,4890
84,79,4891
89,79,4892
107,79,4893
108,79,4894
109,79,4895
110,79,4896
111,79,4897
112,79,4898
113,79,4899
114,79,4900
115,79,4901
116,79,4902
117,79,4903
120,79,4904
121,79,4905
122,79,4906
123,79,4907
124,79,4908
125,79,4909
126,79,4910
128,79,4911
131,79,4912
134,79,4913
135,79,4914
139,79,4915
143,79,4916
147,79,4917
149,79,4918
150,79,4919
157,79,4920
159,79,4921
1,80,4922
2,80,4923
3,80,4924
4,80,4925
5,80,4926
6,80,4927
7,80,4928
8,80,4929
9,80,4930
10,80,4931
11,80,4932
12,80,4933
14,80,4934
15,80,4935
16,80,4936
17,80,4937
18,80,4938
19,80,4939
20,80,4940
21,80,4941
22,80,4942
25,80,4943
27,80,4944
34,80,4945
36,80,4946
38,80,4947
39,80,4948
40,80,4949
41,80,4950
42,80,4951
45,80,4952
46,80,4953
47,80,4954
48,80,4955
49,80,4956
50,80,4957
51,80,4958
52,80,4959
53,80,4960
54,80,4961
55,80,4962
56,80,4963
57,80,4964
58,80,4965
59,80,4966
60,80,4967
61,80,4968
62,80,4969
63,80,4970
64,80,4971
65,80,4972
66,80,4973
67,80,4974
68,80,4975
69,80,4976
70,80,4977
71,80,4978
77,80,4979
78,80,4980
79,80,4981
81,80,4982
82,80,4983
84,80,4984
88,80,4985
89,80,4986
92,80,4987
107,80,4988
108,80,4989
109,80,4990
110,80,4991
111,80,4992
112,80,4993
113,80,4994
114,80,4995
115,80,4996
116,80,4997
117,80,4998
120,80,4999
121,80,5000
122,80,5001
123,80,5002
126,80,5003
128,80,5004
129,80,5005
131,80,5006
132,80,5007
134,80,5008
135,80,5009
143,80,5010
145,80,5011
147,80,5012
149,80,5013
150,80,5014
157,80,5015
158,80,5016
159,80,5017
1,81,5018
2,81,5019
3,81,5020
4,81,5021
5,81,5022
6,81,5023
7,81,5024
8,81,5025
9,81,5026
15,81,5027
16,81,5028
17,81,5029
18,81,5030
19,81,5031
20,81,5032
21,81,5033
22,81,5034
24,81,5035
25,81,5036
27,81,5037
31,81,5038
35,81,5039
36,81,5040
38,81,5041
39,81,5042
40,81,5043
41,81,5044
42,81,5045
45,81,5046
46,81,5047
47,81,5048
48,81,5049
49,81,5050
50,81,5051
51,81,5052
52,81,5053
53,81,5054
54,81,5055
55,81,5056
56,81,5057
57,81,5058
58,81,5059
59,81,5060
60,81,5061
61,81,5062
62,81,5063
63,81,5064
64,81,5065
65,81,5066
66,81,5067
67,81,5068
68,81,5069
69,81,5070
70,81,5071
71,81,5072
73,81,5073
77,81,5074
78,81,5075
79,81,5076
80,81,5077
81,81,5078
82,81,5079
84,81,5080
89,81,5081
91,81,5082
103,81,5083
105,81,5084
107,81,5085
108,81,5086
109,81,5087
110,81,5088
111,81,5089
112,81,5090
113,81,5091
114,81,5092
115,81,5093
116,81,5094
117,81,5095
118,81,5096
120,81,5097
121,81,5098
122,81,5099
123,81,5100
126,81,5101
128,81,5102
131,81,5103
134,81,5104
135,81,5105
142,81,5106
143,81,5107
147,81,5108
149,81,5109
150,81,5110
157,81,5111
159,81,5112
1,82,5113
2,82,5114
3,82,5115
4,82,5116
5,82,5117
6,82,5118
7,82,5119
8,82,5120
9,82,5121
15,82,5122
16,82,5123
17,82,5124
18,82,5125
19,82,5126
20,82,5127
21,82,5128
22,82,5129
25,82,5130
27,82,5131
38,82,5132
39,82,5133
40,82,5134
41,82,5135
42,82,5136
45,82,5137
46,82,5138
47,82,5139
48,82,5140
49,82,5141
50,82,5142
51,82,5143
52,82,5144
53,82,5145
54,82,5146
55,82,5147
56,82,5148
57,82,5149
58,82,5150
59,82,5151
60,82,5152
61,82,5153
62,82,5154
63,82,5155
64,82,5156
65,82,5157
66,82,5158
67,82,5159
68,82,5160
69,82,5161
70,82,5162
71,82,5163
73,82,5164
77,82,5165
78,82,5166
79,82,5167
80,82,5168
81,82,5169
82,82,5170
83,82,5171
85,82,5172
88,82,5173
89,82,5174
92,82,5175
107,82,5176
108,82,5177
109,82,5178
110,82,5179
111,82,5180
112,82,5181
113,82,5182
114,82,5183
115,82,5184
116,82,5185
117,82,5186
121,82,5187
122,82,5188
123,82,5189
126,82,5190
128,82,5191
129,82,5192
131,82,5193
132,82,5194
134,82,5195
135,82,5196
143,82,5197
147,82,5198
149,82,5199
150,82,5200
159,82,5201
1,83,5202
3,83,5203
5,83,5204
7,83,5205
8,83,5206
9,83,5207
16,83,5208
18,83,5209
20,83,5210
22,83,5211
25,83,5212
27,83,5213
31,83,5214
35,83,5215
36,83,5216
38,83,5217
39,83,5218
40,83,5219
41,83,5220
42,83,5221
45,83,5222
46,83,5223
47,83,5224
48,83,5225
49,83,5226
50,83,5227
51,83,5228
52,83,5229
53,83,5230
54,83,5231
55,83,5232
56,83,5233
57,83,5234
58,83,5235
59,83,5236
60,83,5237
61,83,5238
62,83,5239
63,83,5240
64,83,5241
65,83,5242
66,83,5243
67,83,5244
68,83,5245
69,83,5246
70,83,5247
71,83,5248
77,83,5249
78,83,5250
79,83,5251
81,83,5252
83,83,5253
84,83,5254
91,83,5255
103,83,5256
105,83,5257
107,83,5258
108,83,5259
109,83,5260
110,83,5261
111,83,5262
112,83,5263
113,83,5264
114,83,5265
115,83,5266
116,83,5267
117,83,5268
118,83,5269
120,83,5270
121,83,5271
122,83,5272
123,83,5273
124,83,5274
125,83,5275
126,83,5276
128,83,5277
131,83,5278
134,83,5279
135,83,5280
138,83,5281
143,83,5282
147,83,5283
157,83,5284
159,83,5285
1,84,5286
3,84,5287
5,84,5288
7,84,5289
8,84,5290
9,84,5291
16,84,5292
18,84,5293
20,84,5294
22,84,5295
25,84,5296
27,84,5297
35,84,5298
36,84,5299
38,84,5300
39,84,5301
40,84,5302
41,84,5303
42,84,5304
45,84,5305
46,84,5306
47,84,5307
48,84,5308
49,84,5309
50,84,5310
51,84,5311
52,84,5312
53,84,5313
54,84,5314
55,84,5315
56,84,5316
57,84,5317
58,84,5318
59,84,5319
60,84,5320
61,84,5321
62,84,5322
63,84,5323
64,84,5324
65,84,5325
66,84,5326
67,84,5327
68,84,5328
69,84,5329
70,84,5330
71,84,5331
73,84,5332
77,84,5333
78,84,5334
79,84,5335
81,84,5336
83,84,5337
84,84,5338
91,84,5339
103,84,5340
105,84,5341
107,84,5342
108,84,5343
109,84,5344
110,84,5345
111,84,5346
112,84,5347
113,84,5348
114,84,5349
115,84,5350
116,84,5351
117,84,5352
118,84,5353
120,84,5354
121,84,5355
122,84,5356
123,84,5357
124,84,5358
126,84,5359
128,84,5360
131,84,5361
134,84,5362
135,84,5363
138,84,5364
143,84,5365
147,84,5366
157,84,5367
159,84,5368
1,85,5369
3,85,5370
5,85,5371
7,85,5372
8,85,5373
9,85,5374
16,85,5375
18,85,5376
20,85,5377
22,85,5378
25,85,5379
27,85,5380
38,85,5381
39,85,5382
40,85,5383
41,85,5384
42,85,5385
45,85,5386
46,85,5387
47,85,5388
48,85,5389
49,85,5390
50,85,5391
51,85,5392
52,85,5393
53,85,5394
54,85,5395
55,85,5396
56,85,5397
57,85,5398
58,85,5399
59,85,5400
60,85,5401
61,85,5402
62,85,5403
63,85,5404
64,85,5405
65,85,5406
66,85,5407
67,85,5408
68,85,5409
69,85,5410
70,85,5411
71,85,5412
73,85,5413
77,85,5414
78,85,5415
79,85,5416
81,85,5417
82,85,5418
84,85,5419
89,85,5420
107,85,5421
108,85,5422
109,85,5423
110,85,5424
111,85,5425
112,85,5426
113,85,5427
114,85,5428
115,85,5429
116,85,5430
117,85,5431
120,85,5432
121,85,5433
122,85,5434
123,85,5435
126,85,5436
128,85,5437
131,85,5438
134,85,5439
135,85,5440
143,85,5441
145,85,5442
147,85,5443
149,85,5444
150,85,5445
157,85,5446
158,85,5447
159,85,5448
1,86,5449
3,86,5450
5,86,5451
7,86,5452
8,86,5453
9,86,5454
16,86,5455
18,86,5456
20,86,5457
22,86,5458
25,86,5459
27,86,5460
34,86,5461
35,86,5462
36,86,5463
38,86,5464
39,86,5465
40,86,5466
41,86,5467
42,86,5468
45,86,5469
46,86,5470
47,86,5471
48,86,5472
49,86,5473
50,86,5474
51,86,5475
52,86,5476
53,86,5477
54,86,5478
55,86,5479
56,86,5480
57,86,5481
58,86,5482
59,86,5483
60,86,5484
61,86,5485
62,86,5486
63,86,5487
64,86,5488
65,86,5489
66,86,5490
67,86,5491
68,86,5492
69,86,5493
70,86,5494
71,86,5495
73,86,5496
76,86,5497
77,86,5498
78,86,5499
79,86,5500
80,86,5501
81,86,5502
82,86,5503
83,86,5504
84,86,5505
88,86,5506
89,86,5507
90,86,5508
91,86,5509
92,86,5510
103,86,5511
105,86,5512
107,86,5513
108,86,5514
109,86,5515
110,86,5516
111,86,5517
112,86,5518
113,86,5519
114,86,5520
115,86,5521
116,86,5522
117,86,5523
118,86,5524
120,86,5525
121,86,5526
122,86,5527
123,86,5528
126,86,5529
128,86,5530
129,86,5531
131,86,5532
132,86,5533
134,86,5534
135,86,5535
143,86,5536
147,86,5537
149,86,5538
150,86,5539
159,86,5540
1,87,5541
2,87,5542
3,87,5543
4,87,5544
5,87,5545
6,87,5546
7,87,5547
8,87,5548
9,87,5549
16,87,5550
20,87,5551
22,87,5552
25,87,5553
27,87,5554
36,87,5555
38,87,5556
39,87,5557
40,87,5558
41,87,5559
42,87,5560
45,87,5561
46,87,5562
47,87,5563
48,87,5564
49,87,5565
50,87,5566
51,87,5567
52,87,5568
53,87,5569
54,87,5570
55,87,5571
56,87,5572
57,87,5573
58,87,5574
59,87,5575
60,87,5576
61,87,5577
62,87,5578
63,87,5579
64,87,5580
65,87,5581
66,87,5582
67,87,5583
68,87,5584
69,87,5585
70,87,5586
71,87,5587
73,87,5588
76,87,5589
77,87,5590
79,87,5591
81,87,5592
84,87,5593
89,87,5594
107,87,5595
108,87,5596
109,87,5597
110,87,5598
111,87,5599
112,87,5600
113,87,5601
114,87,5602
115,87,5603
116,87,5604
117,87,5605
120,87,5606
121,87,5607
122,87,5608
123,87,5609
125,87,5610
126,87,5611
128,87,5612
131,87,5613
134,87,5614
135,87,5615
143,87,5616
147,87,5617
149,87,5618
150,87,5619
151,87,5620
157,87,5621
1,88,5622
3,88,5623
5,88,5624
7,88,5625
8,88,5626
9,88,5627
16,88,5628
18,88,5629
20,88,5630
22,88,5631
25,88,5632
27,88,5633
35,88,5634
36,88,5635
38,88,5636
39,88,5637
40,88,5638
41,88,5639
42,88,5640
43,88,5641
45,88,5642
46,88,5643
47,88,5644
48,88,5645
49,88,5646
50,88,5647
51,88,5648
52,88,5649
53,88,5650
54,88,5651
55,88,5652
56,88,5653
57,88,5654
58,88,5655
59,88,5656
60,88,5657
61,88,5658
62,88,5659
63,88,5660
64,88,5661
65,88,5662
66,88,5663
67,88,5664
68,88,5665
69,88,5666
70,88,5667
71,88,5668
75,88,5669
77,88,5670
79,88,5671
81,88,5672
84,88,5673
89,88,5674
107,88,5675
108,88,5676
109,88,5677
110,88,5678
111,88,5679
112,88,5680
113,88,5681
114,88,5682
115,88,5683
116,88,5684
117,88,5685
120,88,5686
121,88,5687
122,88,5688
123,88,5689
126,88,5690
128,88,5691
131,88,5692
134,88,5693
135,88,5694
137,88,5695
143,88,5696
145,88,5697
147,88,5698
149,88,5699
150,88,5700
157,88,5701
158,88,5702
1,89,5703
2,89,5704
3,89,5705
4,89,5706
5,89,5707
6,89,5708
7,89,5709
8,89,5710
9,89,5711
15,89,5712
16,89,5713
17,89,5714
18,89,5715
19,89,5716
20,89,5717
21,89,5718
22,89,5719
25,89,5720
27,89,5721
29,89,5722
30,89,5723
38,89,5724
39,89,5725
40,89,5726
41,89,5727
42,89,5728
45,89,5729
46,89,5730
47,89,5731
48,89,5732
49,89,5733
50,89,5734
51,89,5735
52,89,5736
53,89,5737
54,89,5738
55,89,5739
56,89,5740
57,89,5741
58,89,5742
59,89,5743
60,89,5744
61,89,5745
62,89,5746
63,89,5747
64,89,5748
65,89,5749
66,89,5750
67,89,5751
68,89,5752
69,89,5753
70,89,5754
71,89,5755
73,89,5756
77,89,5757
78,89,5758
79,89,5759
80,89,5760
81,89,5761
84,89,5762
89,89,5763
107,89,5764
108,89,5765
109,89,5766
110,89,5767
111,89,5768
112,89,5769
113,89,5770
114,89,5771
115,89,5772
116,89,5773
117,89,5774
121,89,5775
122,89,5776
123,89,5777
125,89,5778
126,89,5779
127,89,5780
128,89,5781
130,89,5782
131,89,5783
134,89,5784
135,89,5785
143,89,5786
147,89,5787
1,90,5788
2,90,5789
3,90,5790
5,90,5791
7,90,5792
8,90,5793
9,90,5794
15,90,5795
17,90,5796
18,90,5797
19,90,5798
22,90,5799
24,90,5800
25,90,5801
27,90,5802
35,90,5803
38,90,5804
39,90,5805
40,90,5806
41,90,5807
42,90,5808
45,90,5809
46,90,5810
47,90,5811
48,90,5812
49,90,5813
50,90,5814
51,90,5815
52,90,5816
53,90,5817
54,90,5818
55,90,5819
56,90,5820
57,90,5821
58,90,5822
59,90,5823
60,90,5824
61,90,5825
62,90,5826
63,90,5827
64,90,5828
65,90,5829
66,90,5830
67,90,5831
68,90,5832
69,90,5833
70,90,5834
71,90,5835
74,90,5836
76,90,5837
77,90,5838
79,90,5839
80,90,5840
81,90,5841
82,90,5842
84,90,5843
86,90,5844
87,90,5845
97,90,5846
101,90,5847
102,90,5848
107,90,5849
108,90,5850
109,90,5851
110,90,5852
111,90,5853
112,90,5854
113,90,5855
114,90,5856
115,90,5857
116,90,5858
117,90,5859
121,90,5860
122,90,5861
123,90,5862
126,90,5863
128,90,5864
131,90,5865
134,90,5866
135,90,5867
147,90,5868
159,90,5869
1,91,5870
3,91,5871
5,91,5872
7,91,5873
8,91,5874
9,91,5875
16,91,5876
18,91,5877
22,91,5878
25,91,5879
30,91,5880
31,91,5881
38,91,5882
39,91,5883
40,91,5884
41,91,5885
42,91,5886
45,91,5887
46,91,5888
47,91,5889
48,91,5890
49,91,5891
50,91,5892
51,91,5893
52,91,5894
53,91,5895
54,91,5896
55,91,5897
56,91,5898
57,91,5899
58,91,5900
59,91,5901
60,91,5902
61,91,5903
62,91,5904
63,91,5905
64,91,5906
65,91,5907
66,91,5908
67,91,5909
68,91,5910
69,91,5911
70,91,5912
71,91,5913
72,91,5914
73,91,5915
74,91,5916
75,91,5917
77,91,5918
78,91,5919
79,91,5920
80,91,5921
81,91,5922
82,91,5923
84,91,5924
89,91,5925
94,91,5926
99,91,5927
104,91,5928
106,91,5929
107,91,5930
108,91,5931
109,91,5932
110,91,5933
111,91,5934
112,91,5935
113,91,5936
114,91,5937
115,91,5938
116,91,5939
117,91,5940
119,91,5941
120,91,5942
121,91,5943
122,91,5944
123,91,5945
125,91,5946
126,91,5947
127,91,5948
128,91,5949
130,91,5950
131,91,5951
134,91,5952
135,91,5953
147,91,5954
149,91,5955
150,91,5956
1,92,5957
3,92,5958
5,92,5959
7,92,5960
8,92,5961
9,92,5962
16,92,5963
22,92,5964
24,92,5965
25,92,5966
27,92,5967
34,92,5968
35,92,5969
36,92,5970
37,92,5971
38,92,5972
39,92,5973
40,92,5974
41,92,5975
42,92,5976
45,92,5977
46,92,5978
47,92,5979
48,92,5980
49,92,5981
50,92,5982
51,92,5983
52,92,5984
53,92,5985
54,92,5986
55,92,5987
56,92,5988
57,92,5989
58,92,5990
59,92,5991
60,92,5992
61,92,5993
62,92,5994
63,92,5995
64,92,5996
65,92,5997
66,92,5998
67,92,5999
68,92,6000
69,92,6001
70,92,6002
71,92,6003
73,92,6004
76,92,6005
78,92,6006
79,92,6007
80,92,6008
81,92,6009
82,92,6010
84,92,6011
89,92,6012
107,92,6013
108,92,6014
109,92,6015
110,92,6016
111,92,6017
112,92,6018
113,92,6019
114,92,6020
115,92,6021
116,92,6022
117,92,6023
120,92,6024
121,92,6025
122,92,6026
123,92,6027
124,92,6028
126,92,6029
128,92,6030
131,92,6031
134,92,6032
135,92,6033
139,92,6034
143,92,6035
147,92,6036
149,92,6037
150,92,6038
157,92,6039
159,92,6040
1,93,6041
2,93,6042
3,93,6043
4,93,6044
5,93,6045
6,93,6046
7,93,6047
8,93,6048
9,93,6049
10,93,6050
11,93,6051
12,93,6052
13,93,6053
14,93,6054
15,93,6055
16,93,6056
17,93,6057
18,93,6058
19,93,6059
20,93,6060
21,93,6061
25,93,6062
38,93,6063
39,93,6064
40,93,6065
41,93,6066
42,93,6067
45,93,6068
46,93,6069
47,93,6070
48,93,6071
49,93,6072
50,93,6073
51,93,6074
52,93,6075
53,93,6076
54,93,6077
55,93,6078
56,93,6079
57,93,6080
58,93,6081
59,93,6082
60,93,6083
61,93,6084
62,93,6085
63,93,6086
64,93,6087
65,93,6088
66,93,6089
67,93,6090
68,93,6091
69,93,6092
70,93,6093
71,93,6094
73,93,6095
76,93,6096
77,93,6097
78,93,6098
79,93,6099
80,93,6100
81,93,6101
82,93,6102
83,93,6103
84,93,6104
85,93,6105
88,93,6106
90,93,6107
92,93,6108
107,93,6109
108,93,6110
109,93,6111
110,93,6112
111,93,6113
112,93,6114
113,93,6115
114,93,6116
115,93,6117
116,93,6118
117,93,6119
121,93,6120
122,93,6121
123,93,6122
126,93,6123
128,93,6124
129,93,6125
131,93,6126
132,93,6127
134,93,6128
135,93,6129
147,93,6130
1,94,6131
2,94,6132
3,94,6133
4,94,6134
5,94,6135
6,94,6136
7,94,6137
8,94,6138
9,94,6139
15,94,6140
16,94,6141
17,94,6142
18,94,6143
19,94,6144
20,94,6145
21,94,6146
22,94,6147
25,94,6148
27,94,6149
35,94,6150
36,94,6151
38,94,6152
39,94,6153
40,94,6154
41,94,6155
42,94,6156
45,94,6157
46,94,6158
47,94,6159
48,94,6160
49,94,6161
50,94,6162
51,94,6163
52,94,6164
53,94,6165
54,94,6166
55,94,6167
56,94,6168
57,94,6169
58,94,6170
59,94,6171
60,94,6172
61,94,6173
62,94,6174
63,94,6175
64,94,6176
65,94,6177
66,94,6178
67,94,6179
68,94,6180
69,94,6181
70,94,6182
71,94,6183
73,94,6184
76,94,6185
77,94,6186
78,94,6187
79,94,6188
81,94,6189
83,94,6190
84,94,6191
91,94,6192
103,94,6193
105,94,6194
107,94,6195
108,94,6196
109,94,6197
110,94,6198
111,94,6199
112,94,6200
113,94,6201
114,94,6202
115,94,6203
116,94,6204
117,94,6205
118,94,6206
120,94,6207
121,94,6208
122,94,6209
123,94,6210
124,94,6211
126,94,6212
128,94,6213
131,94,6214
134,94,6215
135,94,6216
138,94,6217
143,94,6218
147,94,6219
156,94,6220
157,94,6221
159,94,6222
1,95,6223
3,95,6224
5,95,6225
7,95,6226
8,95,6227
9,95,6228
16,95,6229
18,95,6230
20,95,6231
22,95,6232
25,95,6233
35,95,6234
38,95,6235
39,95,6236
40,95,6237
41,95,6238
42,95,6239
45,95,6240
46,95,6241
47,95,6242
48,95,6243
49,95,6244
50,95,6245
51,95,6246
52,95,6247
53,95,6248
54,95,6249
55,95,6250
56,95,6251
57,95,6252
58,95,6253
59,95,6254
60,95,6255
61,95,6256
62,95,6257
63,95,6258
64,95,6259
65,95,6260
66,95,6261
67,95,6262
68,95,6263
69,95,6264
70,95,6265
71,95,6266
73,95,6267
76,95,6268
77,95,6269
78,95,6270
79,95,6271
80,95,6272
81,95,6273
83,95,6274
84,95,6275
85,95,6276
88,95,6277
92,95,6278
93,95,6279
107,95,6280
108,95,6281
109,95,6282
110,95,6283
111,95,6284
112,95,6285
113,95,6286
114,95,6287
115,95,6288
116,95,6289
117,95,6290
121,95,6291
122,95,6292
123,95,6293
125,95,6294
126,95,6295
128,95,6296
129,95,6297
131,95,6298
132,95,6299
134,95,6300
135,95,6301
147,95,6302
157,95,6303
1,97,6304
2,97,6305
3,97,6306
4,97,6307
5,97,6308
6,97,6309
7,97,6310
8,97,6311
9,97,6312
10,97,6313
11,97,6314
12,97,6315
13,97,6316
14,97,6317
15,97,6318
16,97,6319
17,97,6320
18,97,6321
19,97,6322
20,97,6323
21,97,6324
25,97,6325
38,97,6326
39,97,6327
40,97,6328
41,97,6329
42,97,6330
45,97,6331
46,97,6332
47,97,6333
48,97,6334
49,97,6335
50,97,6336
51,97,6337
52,97,6338
53,97,6339
54,97,6340
55,97,6341
56,97,6342
57,97,6343
58,97,6344
59,97,6345
60,97,6346
61,97,6347
62,97,6348
63,97,6349
64,97,6350
65,97,6351
66,97,6352
67,97,6353
68,97,6354
69,97,6355
70,97,6356
71,97,6357
73,97,6358
77,97,6359
78,97,6360
79,97,6361
80,97,6362
81,97,6363
82,97,6364
83,97,6365
85,97,6366
88,97,6367
92,97,6368
107,97,6369
108,97,6370
109,97,6371
110,97,6372
111,97,6373
112,97,6374
113,97,6375
114,97,6376
115,97,6377
116,97,6378
117,97,6379
121,97,6380
122,97,6381
123,97,6382
126,97,6383
128,97,6384
129,97,6385
131,97,6386
132,97,6387
134,97,6388
135,97,6389
147,97,6390
1,98,6391
2,98,6392
3,98,6393
4,98,6394
5,98,6395
6,98,6396
7,98,6397
8,98,6398
9,98,6399
10,98,6400
12,98,6401
15,98,6402
16,98,6403
17,98,6404
18,98,6405
19,98,6406
20,98,6407
21,98,6408
25,98,6409
38,98,6410
39,98,6411
40,98,6412
41,98,6413
45,98,6414
46,98,6415
47,98,6416
48,98,6417
49,98,6418
50,98,6419
51,98,6420
52,98,6421
53,98,6422
54,98,6423
55,98,6424
56,98,6425
57,98,6426
58,98,6427
59,98,6428
60,98,6429
61,98,6430
62,98,6431
63,98,6432
64,98,6433
65,98,6434
66,98,6435
67,98,6436
68,98,6437
69,98,6438
70,98,6439
71,98,6440
75,98,6441
76,98,6442
77,98,6443
79,98,6444
81,98,6445
83,98,6446
84,98,6447
88,98,6448
92,98,6449
93,98,6450
94,98,6451
99,98,6452
104,98,6453
106,98,6454
107,98,6455
108,98,6456
109,98,6457
110,98,6458
111,98,6459
112,98,6460
113,98,6461
114,98,6462
115,98,6463
116,98,6464
117,98,6465
119,98,6466
120,98,6467
121,98,6468
122,98,6469
123,98,6470
126,98,6471
128,98,6472
129,98,6473
131,98,6474
132,98,6475
134,98,6476
135,98,6477
147,98,6478
156,98,6479
157,98,6480
1,99,6481
2,99,6482
3,99,6483
4,99,6484
5,99,6485
6,99,6486
7,99,6487
8,99,6488
9,99,6489
14,99,6490
15,99,6491
16,99,6492
17,99,6493
18,99,6494
19,99,6495
20,99,6496
21,99,6497
22,99,6498
25,99,6499
36,99,6500
38,99,6501
39,99,6502
40,99,6503
41,99,6504
42,99,6505
45,99,6506
46,99,6507
47,99,6508
48,99,6509
49,99,6510
50,99,6511
51,99,6512
52,99,6513
53,99,6514
54,99,6515
55,99,6516
56,99,6517
57,99,6518
58,99,6519
59,99,6520
60,99,6521
61,99,6522
62,99,6523
63,99,6524
64,99,6525
65,99,6526
66,99,6527
67,99,6528
68,99,6529
69,99,6530
70,99,6531
71,99,6532
77,99,6533
78,99,6534
79,99,6535
80,99,6536
81,99,6537
82,99,6538
83,99,6539
85,99,6540
88,99,6541
90,99,6542
92,99,6543
107,99,6544
108,99,6545
109,99,6546
110,99,6547
111,99,6548
112,99,6549
113,99,6550
114,99,6551
115,99,6552
116,99,6553
117,99,6554
121,99,6555
122,99,6556
123,99,6557
126,99,6558
128,99,6559
129,99,6560
131,99,6561
132,99,6562
134,99,6563
135,99,6564
147,99,6565
157,99,6566
1,101,6567
2,101,6568
3,101,6569
4,101,6570
5,101,6571
6,101,6572
7,101,6573
8,101,6574
9,101,6575
10,101,6576
12,101,6577
15,101,6578
16,101,6579
17,101,6580
18,101,6581
19,101,6582
20,101,6583
21,101,6584
22,101,6585
25,101,6586
27,101,6587
31,101,6588
32,101,6589
35,101,6590
38,101,6591
39,101,6592
40,101,6593
41,101,6594
45,101,6595
46,101,6596
47,101,6597
48,101,6598
49,101,6599
50,101,6600
51,101,6601
52,101,6602
53,101,6603
54,101,6604
55,101,6605
56,101,6606
57,101,6607
58,101,6608
59,101,6609
60,101,6610
61,101,6611
62,101,6612
63,101,6613
64,101,6614
65,101,6615
66,101,6616
67,101,6617
68,101,6618
69,101,6619
70,101,6620
71,101,6621
73,101,6622
76,101,6623
77,101,6624
78,101,6625
79,101,6626
81,101,6627
83,101,6628
84,101,6629
85,101,6630
88,101,6631
92,101,6632
93,101,6633
107,101,6634
108,101,6635
109,101,6636
110,101,6637
111,101,6638
112,101,6639
113,101,6640
114,101,6641
115,101,6642
116,101,6643
117,101,6644
120,101,6645
121,101,6646
122,101,6647
123,101,6648
125,101,6649
126,101,6650
128,101,6651
129,101,6652
131,101,6653
132,101,6654
134,101,6655
135,101,6656
143,101,6657
147,101,6658
156,101,6659
157,101,6660
1,102,6661
3,102,6662
5,102,6663
7,102,6664
8,102,6665
9,102,6666
16,102,6667
18,102,6668
20,102,6669
22,102,6670
25,102,6671
27,102,6672
30,102,6673
38,102,6674
39,102,6675
40,102,6676
41,102,6677
42,102,6678
45,102,6679
46,102,6680
47,102,6681
48,102,6682
49,102,6683
50,102,6684
51,102,6685
52,102,6686
53,102,6687
54,102,6688
55,102,6689
56,102,6690
57,102,6691
58,102,6692
59,102,6693
60,102,6694
61,102,6695
62,102,6696
63,102,6697
64,102,6698
65,102,6699
66,102,6700
67,102,6701
68,102,6702
69,102,6703
70,102,6704
71,102,6705
72,102,6706
73,102,6707
74,102,6708
76,102,6709
77,102,6710
78,102,6711
79,102,6712
80,102,6713
81,102,6714
82,102,6715
84,102,6716
89,102,6717
107,102,6718
108,102,6719
109,102,6720
110,102,6721
111,102,6722
112,102,6723
113,102,6724
114,102,6725
115,102,6726
116,102,6727
117,102,6728
120,102,6729
121,102,6730
122,102,6731
123,102,6732
125,102,6733
126,102,6734
127,102,6735
128,102,6736
130,102,6737
131,102,6738
134,102,6739
135,102,6740
143,102,6741
147,102,6742
149,102,6743
150,102,6744
157,102,6745
1,103,6746
2,103,6747
3,103,6748
4,103,6749
5,103,6750
6,103,6751
7,103,6752
8,103,6753
9,103,6754
10,103,6755
11,103,6756
12,103,6757
13,103,6758
14,103,6759
15,103,6760
16,103,6761
17,103,6762
18,103,6763
19,103,6764
20,103,6765
21,103,6766
22,103,6767
25,103,6768
26,103,6769
27,103,6770
31,103,6771
35,103,6772
36,103,6773
38,103,6774
39,103,6775
40,103,6776
41,103,6777
42,103,6778
45,103,6779
46,103,6780
47,103,6781
48,103,6782
49,103,6783
50,103,6784
51,103,6785
52,103,6786
53,103,6787
54,103,6788
55,103,6789
56,103,6790
57,103,6791
58,103,6792
59,103,6793
60,103,6794
61,103,6795
62,103,6796
63,103,6797
64,103,6798
65,103,6799
66,103,6800
67,103,6801
68,103,6802
69,103,6803
70,103,6804
71,103,6805
72,103,6806
74,103,6807
75,103,6808
76,103,6809
77,103,6810
78,103,6811
79,103,6812
80,103,6813
81,103,6814
82,103,6815
83,103,6816
84,103,6817
85,103,6818
88,103,6819
90,103,6820
92,103,6821
107,103,6822
108,103,6823
109,103,6824
110,103,6825
111,103,6826
112,103,6827
113,103,6828
114,103,6829
115,103,6830
116,103,6831
117,103,6832
121,103,6833
122,103,6834
123,103,6835
125,103,6836
126,103,6837
128,103,6838
129,103,6839
131,103,6840
132,103,6841
134,103,6842
135,103,6843
140,103,6844
143,103,6845
147,103,6846
1,104,6847
3,104,6848
5,104,6849
7,104,6850
8,104,6851
9,104,6852
16,104,6853
20,104,6854
25,104,6855
27,104,6856
38,104,6857
39,104,6858
40,104,6859
41,104,6860
42,104,6861
45,104,6862
46,104,6863
47,104,6864
48,104,6865
49,104,6866
50,104,6867
51,104,6868
52,104,6869
53,104,6870
54,104,6871
55,104,6872
56,104,6873
57,104,6874
58,104,6875
59,104,6876
60,104,6877
61,104,6878
62,104,6879
63,104,6880
64,104,6881
65,104,6882
66,104,6883
67,104,6884
68,104,6885
69,104,6886
70,104,6887
71,104,6888
77,104,6889
79,104,6890
81,104,6891
84,104,6892
89,104,6893
107,104,6894
108,104,6895
109,104,6896
110,104,6897
111,104,6898
112,104,6899
113,104,6900
114,104,6901
115,104,6902
116,104,6903
117,104,6904
120,104,6905
121,104,6906
122,104,6907
123,104,6908
126,104,6909
128,104,6910
131,104,6911
134,104,6912
135,104,6913
143,104,6914
147,104,6915
149,104,6916
150,104,6917
151,104,6918
157,104,6919
1,105,6920
2,105,6921
3,105,6922
4,105,6923
5,105,6924
6,105,6925
7,105,6926
8,105,6927
9,105,6928
10,105,6929
11,105,6930
12,105,6931
13,105,6932
14,105,6933
15,105,6934
16,105,6935
17,105,6936
18,105,6937
19,105,6938
20,105,6939
21,105,6940
22,105,6941
25,105,6942
27,105,6943
35,105,6944
36,105,6945
38,105,6946
39,105,6947
40,105,6948
41,105,6949
42,105,6950
45,105,6951
46,105,6952
47,105,6953
48,105,6954
49,105,6955
50,105,6956
51,105,6957
52,105,6958
53,105,6959
54,105,6960
55,105,6961
56,105,6962
57,105,6963
58,105,6964
59,105,6965
60,105,6966
61,105,6967
62,105,6968
63,105,6969
64,105,6970
65,105,6971
66,105,6972
67,105,6973
68,105,6974
69,105,6975
70,105,6976
71,105,6977
73,105,6978
77,105,6979
78,105,6980
79,105,6981
80,105,6982
81,105,6983
82,105,6984
83,105,6985
84,105,6986
88,105,6987
89,105,6988
92,105,6989
107,105,6990
108,105,6991
109,105,6992
110,105,6993
111,105,6994
112,105,6995
113,105,6996
114,105,6997
115,105,6998
116,105,6999
117,105,7000
120,105,7001
121,105,7002
122,105,7003
123,105,7004
124,105,7005
125,105,7006
126,105,7007
128,105,7008
129,105,7009
131,105,7010
132,105,7011
134,105,7012
135,105,7013
143,105,7014
147,105,7015
149,105,7016
150,105,7017
156,105,7018
157,105,7019
159,105,7020
3,64,7021
5,64,7022
7,64,7023
8,64,7024
9,64,7025
16,64,7026
18,64,7027
20,64,7028
22,64,7029
24,64,7030
25,64,7031
27,64,7032
36,64,7033
38,64,7034
39,64,7035
40,64,7036
41,64,7037
42,64,7038
45,64,7039
46,64,7040
47,64,7041
48,64,7042
49,64,7043
50,64,7044
51,64,7045
52,64,7046
53,64,7047
54,64,7048
55,64,7049
56,64,7050
57,64,7051
58,64,7052
59,64,7053
60,64,7054
61,64,7055
62,64,7056
63,64,7057
64,64,7058
65,64,7059
66,64,7060
67,64,7061
68,64,7062
69,64,7063
70,64,7064
71,64,7065
73,64,7066
75,64,7067
77,64,7068
78,64,7069
79,64,7070
80,64,7071
81,64,7072
84,64,7073
91,64,7074
98,64,7075
103,64,7076
105,64,7077
107,64,7078
108,64,7079
109,64,7080
110,64,7081
111,64,7082
112,64,7083
113,64,7084
114,64,7085
115,64,7086
116,64,7087
117,64,7088
118,64,7089
120,64,7090
121,64,7091
122,64,7092
123,64,7093
124,64,7094
126,64,7095
128,64,7096
131,64,7097
134,64,7098
135,64,7099
138,64,7100
143,64,7101
147,64,7102
148,64,7103
157,64,7104
159,64,7105
3,33,7106
5,33,7107
7,33,7108
8,33,7109
9,33,7110
16,33,7111
18,33,7112
20,33,7113
22,33,7114
25,33,7115
30,33,7116
31,33,7117
33,33,7118
35,33,7119
36,33,7120
38,33,7121
39,33,7122
40,33,7123
41,33,7124
42,33,7125
45,33,7126
46,33,7127
47,33,7128
48,33,7129
49,33,7130
50,33,7131
51,33,7132
52,33,7133
53,33,7134
54,33,7135
55,33,7136
56,33,7137
57,33,7138
58,33,7139
59,33,7140
60,33,7141
61,33,7142
62,33,7143
63,33,7144
64,33,7145
65,33,7146
66,33,7147
67,33,7148
68,33,7149
69,33,7150
70,33,7151
71,33,7152
73,33,7153
74,33,7154
77,33,7155
79,33,7156
80,33,7157
81,33,7158
82,33,7159
84,33,7160
89,33,7161
94,33,7162
99,33,7163
104,33,7164
106,33,7165
107,33,7166
108,33,7167
109,33,7168
110,33,7169
111,33,7170
112,33,7171
113,33,7172
114,33,7173
115,33,7174
116,33,7175
117,33,7176
119,33,7177
120,33,7178
121,33,7179
122,33,7180
123,33,7181
125,33,7182
126,33,7183
128,33,7184
131,33,7185
134,33,7186
135,33,7187
147,33,7188
156,33,7189
157,33,7190
7,28,7191
8,28,7192
9,28,7193
16,28,7194
18,28,7195
22,28,7196
25,28,7197
27,28,7198
35,28,7199
38,28,7200
39,28,7201
40,28,7202
41,28,7203
42,28,7204
45,28,7205
46,28,7206
47,28,7207
48,28,7208
49,28,7209
50,28,7210
51,28,7211
52,28,7212
53,28,7213
54,28,7214
55,28,7215
56,28,7216
57,28,7217
58,28,7218
59,28,7219
60,28,7220
61,28,7221
62,28,7222
63,28,7223
64,28,7224
65,28,7225
66,28,7226
67,28,7227
68,28,7228
69,28,7229
70,28,7230
71,28,7231
77,28,7232
78,28,7233
79,28,7234
81,28,7235
84,28,7236
88,28,7237
89,28,7238
92,28,7239
107,28,7240
108,28,7241
109,28,7242
110,28,7243
111,28,7244
112,28,7245
113,28,7246
114,28,7247
115,28,7248
116,28,7249
117,28,7250
120,28,7251
121,28,7252
122,28,7253
123,28,7254
126,28,7255
128,28,7256
129,28,7257
131,28,7258
132,28,7259
134,28,7260
135,28,7261
143,28,7262
147,28,7263
149,28,7264
150,28,7265
151,28,7266
154,28,7267
156,28,7268
157,28,7269
158,28,7270
7,5,7271
8,5,7272
9,5,7273
16,5,7274
22,5,7275
25,5,7276
30,5,7277
31,5,7278
38,5,7279
39,5,7280
40,5,7281
41,5,7282
45,5,7283
46,5,7284
47,5,7285
48,5,7286
49,5,7287
50,5,7288
51,5,7289
52,5,7290
53,5,7291
54,5,7292
55,5,7293
56,5,7294
57,5,7295
58,5,7296
59,5,7297
60,5,7298
61,5,7299
62,5,7300
63,5,7301
64,5,7302
65,5,7303
66,5,7304
67,5,7305
68,5,7306
69,5,7307
70,5,7308
71,5,7309
72,5,7310
73,5,7311
74,5,7312
75,5,7313
76,5,7314
78,5,7315
79,5,7316
80,5,7317
81,5,7318
82,5,7319
84,5,7320
89,5,7321
94,5,7322
99,5,7323
104,5,7324
106,5,7325
107,5,7326
108,5,7327
109,5,7328
110,5,7329
111,5,7330
112,5,7331
113,5,7332
114,5,7333
115,5,7334
116,5,7335
117,5,7336
119,5,7337
120,5,7338
121,5,7339
122,5,7340
123,5,7341
125,5,7342
126,5,7343
128,5,7344
131,5,7345
134,5,7346
135,5,7347
147,5,7348
149,5,7349
150,5,7350
157,5,7351
7,100,7352
22,100,7353
24,100,7354
25,100,7355
27,100,7356
31,100,7357
35,100,7358
38,100,7359
39,100,7360
40,100,7361
41,100,7362
42,100,7363
45,100,7364
46,100,7365
47,100,7366
48,100,7367
49,100,7368
50,100,7369
51,100,7370
52,100,7371
53,100,7372
54,100,7373
55,100,7374
56,100,7375
57,100,7376
58,100,7377
59,100,7378
60,100,7379
61,100,7380
62,100,7381
63,100,7382
64,100,7383
65,100,7384
66,100,7385
67,100,7386
68,100,7387
69,100,7388
70,100,7389
71,100,7390
73,100,7391
74,100,7392
75,100,7393
77,100,7394
78,100,7395
79,100,7396
80,100,7397
81,100,7398
84,100,7399
86,100,7400
87,100,7401
89,100,7402
91,100,7403
97,100,7404
101,100,7405
102,100,7406
103,100,7407
105,100,7408
107,100,7409
108,100,7410
109,100,7411
110,100,7412
111,100,7413
112,100,7414
113,100,7415
114,100,7416
115,100,7417
116,100,7418
117,100,7419
118,100,7420
120,100,7421
121,100,7422
122,100,7423
123,100,7424
126,100,7425
128,100,7426
131,100,7427
134,100,7428
135,100,7429
143,100,7430
147,100,7431
149,100,7432
150,100,7433
157,100,7434
159,100,7435
8,53,7436
9,53,7437
16,53,7438
22,53,7439
25,53,7440
27,53,7441
29,53,7442
30,53,7443
31,53,7444
35,53,7445
36,53,7446
38,53,7447
39,53,7448
40,53,7449
41,53,7450
42,53,7451
45,53,7452
46,53,7453
47,53,7454
48,53,7455
49,53,7456
50,53,7457
51,53,7458
52,53,7459
53,53,7460
54,53,7461
55,53,7462
56,53,7463
57,53,7464
58,53,7465
59,53,7466
60,53,7467
61,53,7468
62,53,7469
63,53,7470
64,53,7471
65,53,7472
66,53,7473
67,53,7474
68,53,7475
69,53,7476
70,53,7477
71,53,7478
72,53,7479
73,53,7480
77,53,7481
79,53,7482
80,53,7483
81,53,7484
82,53,7485
84,53,7486
89,53,7487
107,53,7488
108,53,7489
109,53,7490
110,53,7491
111,53,7492
112,53,7493
113,53,7494
114,53,7495
115,53,7496
116,53,7497
117,53,7498
120,53,7499
121,53,7500
122,53,7501
123,53,7502
125,53,7503
126,53,7504
127,53,7505
128,53,7506
130,53,7507
131,53,7508
134,53,7509
135,53,7510
143,53,7511
147,53,7512
149,53,7513
150,53,7514
157,53,7515
22,11,7516
25,11,7517
27,11,7518
31,11,7519
38,11,7520
39,11,7521
40,11,7522
41,11,7523
42,11,7524
45,11,7525
46,11,7526
47,11,7527
48,11,7528
49,11,7529
50,11,7530
51,11,7531
52,11,7532
53,11,7533
54,11,7534
55,11,7535
56,11,7536
57,11,7537
58,11,7538
59,11,7539
60,11,7540
61,11,7541
62,11,7542
63,11,7543
64,11,7544
65,11,7545
66,11,7546
67,11,7547
68,11,7548
69,11,7549
70,11,7550
71,11,7551
74,11,7552
77,11,7553
79,11,7554
81,11,7555
83,11,7556
90,11,7557
91,11,7558
103,11,7559
105,11,7560
107,11,7561
108,11,7562
109,11,7563
110,11,7564
111,11,7565
112,11,7566
113,11,7567
114,11,7568
115,11,7569
116,11,7570
117,11,7571
118,11,7572
121,11,7573
122,11,7574
123,11,7575
126,11,7576
128,11,7577
131,11,7578
134,11,7579
135,11,7580
143,11,7581
147,11,7582
157,11,7583
159,11,7584
22,20,7585
25,20,7586
27,20,7587
33,20,7588
35,20,7589
38,20,7590
39,20,7591
40,20,7592
41,20,7593
42,20,7594
45,20,7595
46,20,7596
47,20,7597
48,20,7598
49,20,7599
50,20,7600
51,20,7601
52,20,7602
53,20,7603
54,20,7604
55,20,7605
56,20,7606
57,20,7607
58,20,7608
59,20,7609
60,20,7610
61,20,7611
62,20,7612
63,20,7613
64,20,7614
65,20,7615
66,20,7616
67,20,7617
68,20,7618
69,20,7619
70,20,7620
71,20,7621
72,20,7622
73,20,7623
77,20,7624
78,20,7625
79,20,7626
83,20,7627
85,20,7628
90,20,7629
91,20,7630
98,20,7631
103,20,7632
105,20,7633
107,20,7634
108,20,7635
109,20,7636
110,20,7637
111,20,7638
112,20,7639
113,20,7640
114,20,7641
115,20,7642
116,20,7643
117,20,7644
118,20,7645
120,20,7646
121,20,7647
122,20,7648
123,20,7649
124,20,7650
125,20,7651
126,20,7652
128,20,7653
131,20,7654
134,20,7655
135,20,7656
143,20,7657
144,20,7658
147,20,7659
156,20,7660
157,20,7661
159,20,7662
22,66,7663
25,66,7664
27,66,7665
35,66,7666
38,66,7667
39,66,7668
40,66,7669
41,66,7670
42,66,7671
45,66,7672
46,66,7673
47,66,7674
48,66,7675
49,66,7676
50,66,7677
51,66,7678
52,66,7679
53,66,7680
54,66,7681
55,66,7682
56,66,7683
57,66,7684
58,66,7685
59,66,7686
60,66,7687
61,66,7688
62,66,7689
63,66,7690
64,66,7691
65,66,7692
66,66,7693
67,66,7694
68,66,7695
69,66,7696
70,66,7697
71,66,7698
72,66,7699
73,66,7700
75,66,7701
77,66,7702
78,66,7703
79,66,7704
83,66,7705
90,66,7706
91,66,7707
98,66,7708
103,66,7709
105,66,7710
107,66,7711
108,66,7712
109,66,7713
110,66,7714
111,66,7715
112,66,7716
113,66,7717
114,66,7718
115,66,7719
116,66,7720
117,66,7721
118,66,7722
120,66,7723
121,66,7724
122,66,7725
123,66,7726
124,66,7727
125,66,7728
126,66,7729
128,66,7730
131,66,7731
135,66,7732
143,66,7733
144,66,7734
147,66,7735
157,66,7736
159,66,7737
22,72,7738
25,72,7739
27,72,7740
33,72,7741
36,72,7742
38,72,7743
39,72,7744
40,72,7745
41,72,7746
42,72,7747
45,72,7748
46,72,7749
47,72,7750
48,72,7751
49,72,7752
50,72,7753
51,72,7754
52,72,7755
53,72,7756
54,72,7757
55,72,7758
56,72,7759
57,72,7760
58,72,7761
59,72,7762
60,72,7763
61,72,7764
62,72,7765
63,72,7766
64,72,7767
65,72,7768
66,72,7769
67,72,7770
68,72,7771
69,72,7772
70,72,7773
71,72,7774
78,72,7775
79,72,7776
91,72,7777
98,72,7778
103,72,7779
105,72,7780
107,72,7781
108,72,7782
109,72,7783
110,72,7784
111,72,7785
112,72,7786
113,72,7787
114,72,7788
115,72,7789
116,72,7790
117,72,7791
118,72,7792
120,72,7793
121,72,7794
122,72,7795
123,72,7796
124,72,7797
125,72,7798
126,72,7799
128,72,7800
131,72,7801
134,72,7802
135,72,7803
138,72,7804
143,72,7805
147,72,7806
157,72,7807
22,1,7808
25,1,7809
27,1,7810
30,1,7811
31,1,7812
38,1,7813
39,1,7814
40,1,7815
41,1,7816
42,1,7817
45,1,7818
46,1,7819
47,1,7820
48,1,7821
49,1,7822
50,1,7823
51,1,7824
52,1,7825
53,1,7826
54,1,7827
55,1,7828
56,1,7829
57,1,7830
58,1,7831
59,1,7832
60,1,7833
61,1,7834
62,1,7835
63,1,7836
64,1,7837
65,1,7838
66,1,7839
67,1,7840
68,1,7841
69,1,7842
70,1,7843
71,1,7844
72,1,7845
73,1,7846
74,1,7847
75,1,7848
77,1,7849
78,1,7850
79,1,7851
80,1,7852
81,1,7853
82,1,7854
84,1,7855
89,1,7856
107,1,7857
108,1,7858
109,1,7859
110,1,7860
111,1,7861
112,1,7862
113,1,7863
114,1,7864
115,1,7865
116,1,7866
117,1,7867
120,1,7868
121,1,7869
122,1,7870
123,1,7871
125,1,7872
126,1,7873
127,1,7874
128,1,7875
130,1,7876
131,1,7877
134,1,7878
135,1,7879
147,1,7880
149,1,7881
150,1,7882
157,1,7883
22,12,7884
25,12,7885
27,12,7886
28,12,7887
36,12,7888
38,12,7889
39,12,7890
40,12,7891
41,12,7892
42,12,7893
44,12,7894
45,12,7895
46,12,7896
47,12,7897
48,12,7898
49,12,7899
50,12,7900
51,12,7901
52,12,7902
53,12,7903
54,12,7904
55,12,7905
56,12,7906
57,12,7907
58,12,7908
59,12,7909
60,12,7910
61,12,7911
62,12,7912
63,12,7913
64,12,7914
65,12,7915
66,12,7916
67,12,7917
68,12,7918
69,12,7919
70,12,7920
71,12,7921
73,12,7922
76,12,7923
77,12,7924
78,12,7925
79,12,7926
80,12,7927
81,12,7928
84,12,7929
107,12,7930
108,12,7931
109,12,7932
110,12,7933
111,12,7934
112,12,7935
113,12,7936
114,12,7937
115,12,7938
116,12,7939
117,12,7940
120,12,7941
121,12,7942
122,12,7943
123,12,7944
125,12,7945
126,12,7946
127,12,7947
128,12,7948
130,12,7949
131,12,7950
134,12,7951
135,12,7952
143,12,7953
147,12,7954
159,12,7955
22,19,7956
25,19,7957
27,19,7958
32,19,7959
33,19,7960
35,19,7961
38,19,7962
39,19,7963
40,19,7964
41,19,7965
42,19,7966
43,19,7967
45,19,7968
46,19,7969
47,19,7970
48,19,7971
49,19,7972
50,19,7973
51,19,7974
52,19,7975
53,19,7976
54,19,7977
55,19,7978
56,19,7979
57,19,7980
58,19,7981
59,19,7982
60,19,7983
61,19,7984
62,19,7985
63,19,7986
64,19,7987
65,19,7988
66,19,7989
67,19,7990
68,19,7991
69,19,7992
70,19,7993
71,19,7994
77,19,7995
78,19,7996
79,19,7997
80,19,7998
81,19,7999
84,19,8000
89,19,8001
107,19,8002
108,19,8003
109,19,8004
110,19,8005
111,19,8006
112,19,8007
113,19,8008
114,19,8009
115,19,8010
116,19,8011
117,19,8012
120,19,8013
121,19,8014
122,19,8015
123,19,8016
125,19,8017
126,19,8018
128,19,8019
131,19,8020
134,19,8021
135,19,8022
143,19,8023
146,19,8024
147,19,8025
149,19,8026
150,19,8027
157,19,8028
158,19,8029
22,23,8030
23,23,8031
25,23,8032
27,23,8033
33,23,8034
35,23,8035
36,23,8036
38,23,8037
39,23,8038
40,23,8039
41,23,8040
42,23,8041
43,23,8042
45,23,8043
46,23,8044
47,23,8045
48,23,8046
49,23,8047
50,23,8048
51,23,8049
52,23,8050
53,23,8051
54,23,8052
55,23,8053
56,23,8054
57,23,8055
58,23,8056
59,23,8057
60,23,8058
61,23,8059
62,23,8060
63,23,8061
64,23,8062
65,23,8063
66,23,8064
67,23,8065
68,23,8066
69,23,8067
70,23,8068
71,23,8069
77,23,8070
79,23,8071
81,23,8072
84,23,8073
89,23,8074
107,23,8075
108,23,8076
109,23,8077
110,23,8078
111,23,8079
112,23,8080
113,23,8081
114,23,8082
115,23,8083
116,23,8084
117,23,8085
120,23,8086
121,23,8087
122,23,8088
123,23,8089
125,23,8090
126,23,8091
128,23,8092
131,23,8093
134,23,8094
135,23,8095
143,23,8096
147,23,8097
149,23,8098
150,23,8099
157,23,8100
158,23,8101
22,29,8102
25,29,8103
27,29,8104
32,29,8105
33,29,8106
35,29,8107
36,29,8108
38,29,8109
39,29,8110
40,29,8111
41,29,8112
42,29,8113
45,29,8114
46,29,8115
47,29,8116
48,29,8117
49,29,8118
50,29,8119
51,29,8120
52,29,8121
53,29,8122
54,29,8123
55,29,8124
56,29,8125
57,29,8126
58,29,8127
59,29,8128
60,29,8129
61,29,8130
62,29,8131
63,29,8132
64,29,8133
65,29,8134
66,29,8135
67,29,8136
68,29,8137
69,29,8138
70,29,8139
71,29,8140
72,29,8141
79,29,8142
81,29,8143
84,29,8144
89,29,8145
107,29,8146
108,29,8147
109,29,8148
110,29,8149
111,29,8150
112,29,8151
113,29,8152
114,29,8153
115,29,8154
116,29,8155
117,29,8156
120,29,8157
121,29,8158
122,29,8159
123,29,8160
125,29,8161
126,29,8162
128,29,8163
131,29,8164
134,29,8165
135,29,8166
137,29,8167
143,29,8168
147,29,8169
157,29,8170
158,29,8171
22,38,8172
24,38,8173
25,38,8174
27,38,8175
31,38,8176
34,38,8177
38,38,8178
39,38,8179
40,38,8180
41,38,8181
42,38,8182
45,38,8183
46,38,8184
47,38,8185
48,38,8186
49,38,8187
50,38,8188
51,38,8189
52,38,8190
53,38,8191
54,38,8192
55,38,8193
56,38,8194
57,38,8195
58,38,8196
59,38,8197
60,38,8198
61,38,8199
62,38,8200
63,38,8201
64,38,8202
65,38,8203
66,38,8204
67,38,8205
68,38,8206
69,38,8207
70,38,8208
71,38,8209
73,38,8210
75,38,8211
77,38,8212
78,38,8213
79,38,8214
80,38,8215
81,38,8216
82,38,8217
84,38,8218
86,38,8219
87,38,8220
89,38,8221
96,38,8222
97,38,8223
101,38,8224
102,38,8225
107,38,8226
108,38,8227
109,38,8228
110,38,8229
111,38,8230
112,38,8231
113,38,8232
114,38,8233
115,38,8234
116,38,8235
117,38,8236
120,38,8237
121,38,8238
122,38,8239
123,38,8240
126,38,8241
128,38,8242
131,38,8243
134,38,8244
135,38,8245
143,38,8246
147,38,8247
149,38,8248
150,38,8249
157,38,8250
159,38,8251
22,41,8252
24,41,8253
25,41,8254
27,41,8255
28,41,8256
33,41,8257
34,41,8258
35,41,8259
37,41,8260
38,41,8261
39,41,8262
40,41,8263
41,41,8264
42,41,8265
45,41,8266
46,41,8267
47,41,8268
48,41,8269
49,41,8270
50,41,8271
51,41,8272
52,41,8273
53,41,8274
54,41,8275
55,41,8276
56,41,8277
57,41,8278
58,41,8279
59,41,8280
60,41,8281
61,41,8282
62,41,8283
63,41,8284
64,41,8285
65,41,8286
66,41,8287
67,41,8288
68,41,8289
69,41,8290
70,41,8291
71,41,8292
74,41,8293
76,41,8294
77,41,8295
78,41,8296
79,41,8297
80,41,8298
81,41,8299
82,41,8300
84,41,8301
89,41,8302
95,41,8303
100,41,8304
107,41,8305
108,41,8306
109,41,8307
110,41,8308
111,41,8309
112,41,8310
113,41,8311
114,41,8312
115,41,8313
116,41,8314
117,41,8315
120,41,8316
121,41,8317
122,41,8318
123,41,8319
125,41,8320
126,41,8321
128,41,8322
131,41,8323
134,41,8324
135,41,8325
143,41,8326
146,41,8327
147,41,8328
149,41,8329
150,41,8330
155,41,8331
157,41,8332
159,41,8333
22,50,8334
25,50,8335
27,50,8336
32,50,8337
33,50,8338
35,50,8339
36,50,8340
38,50,8341
39,50,8342
40,50,8343
41,50,8344
42,50,8345
45,50,8346
46,50,8347
47,50,8348
48,50,8349
49,50,8350
50,50,8351
51,50,8352
52,50,8353
53,50,8354
54,50,8355
55,50,8356
56,50,8357
57,50,8358
58,50,8359
59,50,8360
60,50,8361
61,50,8362
62,50,8363
63,50,8364
64,50,8365
65,50,8366
66,50,8367
67,50,8368
68,50,8369
69,50,8370
70,50,8371
71,50,8372
72,50,8373
73,50,8374
79,50,8375
80,50,8376
81,50,8377
84,50,8378
89,50,8379
107,50,8380
108,50,8381
109,50,8382
110,50,8383
111,50,8384
112,50,8385
113,50,8386
114,50,8387
115,50,8388
116,50,8389
117,50,8390
120,50,8391
121,50,8392
122,50,8393
123,50,8394
124,50,8395
125,50,8396
126,50,8397
128,50,8398
131,50,8399
134,50,8400
135,50,8401
137,50,8402
143,50,8403
147,50,8404
149,50,8405
150,50,8406
153,50,8407
157,50,8408
158,50,8409
22,96,8410
25,96,8411
36,96,8412
38,96,8413
39,96,8414
40,96,8415
41,96,8416
42,96,8417
44,96,8418
45,96,8419
46,96,8420
47,96,8421
48,96,8422
49,96,8423
50,96,8424
51,96,8425
52,96,8426
53,96,8427
54,96,8428
55,96,8429
56,96,8430
57,96,8431
58,96,8432
59,96,8433
60,96,8434
61,96,8435
62,96,8436
63,96,8437
64,96,8438
65,96,8439
66,96,8440
67,96,8441
68,96,8442
69,96,8443
70,96,8444
71,96,8445
73,96,8446
76,96,8447
77,96,8448
78,96,8449
79,96,8450
80,96,8451
81,96,8452
107,96,8453
108,96,8454
109,96,8455
110,96,8456
111,96,8457
112,96,8458
113,96,8459
114,96,8460
115,96,8461
116,96,8462
117,96,8463
120,96,8464
121,96,8465
122,96,8466
123,96,8467
125,96,8468
126,96,8469
127,96,8470
128,96,8471
130,96,8472
131,96,8473
134,96,8474
135,96,8475
147,96,8476
159,96,8477
22,58,8478
25,58,8479
30,58,8480
38,58,8481
39,58,8482
40,58,8483
41,58,8484
42,58,8485
45,58,8486
46,58,8487
47,58,8488
48,58,8489
49,58,8490
50,58,8491
51,58,8492
52,58,8493
53,58,8494
54,58,8495
55,58,8496
56,58,8497
57,58,8498
58,58,8499
59,58,8500
60,58,8501
61,58,8502
62,58,8503
63,58,8504
64,58,8505
65,58,8506
66,58,8507
67,58,8508
68,58,8509
69,58,8510
70,58,8511
71,58,8512
73,58,8513
76,58,8514
77,58,8515
79,58,8516
80,58,8517
81,58,8518
107,58,8519
108,58,8520
109,58,8521
110,58,8522
111,58,8523
112,58,8524
113,58,8525
114,58,8526
115,58,8527
116,58,8528
117,58,8529
120,58,8530
121,58,8531
122,58,8532
123,58,8533
125,58,8534
126,58,8535
127,58,8536
128,58,8537
130,58,8538
131,58,8539
134,58,8540
135,58,8541
147,58,8542
157,58,8543
22,65,8544
25,65,8545
30,65,8546
31,65,8547
35,65,8548
36,65,8549
38,65,8550
39,65,8551
40,65,8552
41,65,8553
42,65,8554
45,65,8555
46,65,8556
47,65,8557
48,65,8558
49,65,8559
50,65,8560
51,65,8561
52,65,8562
53,65,8563
54,65,8564
55,65,8565
56,65,8566
57,65,8567
58,65,8568
59,65,8569
60,65,8570
61,65,8571
62,65,8572
63,65,8573
64,65,8574
65,65,8575
66,65,8576
67,65,8577
68,65,8578
69,65,8579
70,65,8580
71,65,8581
72,65,8582
73,65,8583
74,65,8584
75,65,8585
77,65,8586
79,65,8587
80,65,8588
81,65,8589
82,65,8590
84,65,8591
89,65,8592
107,65,8593
108,65,8594
109,65,8595
110,65,8596
111,65,8597
112,65,8598
113,65,8599
114,65,8600
115,65,8601
116,65,8602
117,65,8603
120,65,8604
121,65,8605
122,65,8606
123,65,8607
125,65,8608
126,65,8609
127,65,8610
128,65,8611
130,65,8612
131,65,8613
134,65,8614
135,65,8615
143,65,8616
147,65,8617
157,65,8618
22,68,8619
25,68,8620
28,68,8621
36,68,8622
38,68,8623
39,68,8624
40,68,8625
41,68,8626
42,68,8627
44,68,8628
45,68,8629
46,68,8630
47,68,8631
48,68,8632
49,68,8633
50,68,8634
51,68,8635
52,68,8636
53,68,8637
54,68,8638
55,68,8639
56,68,8640
57,68,8641
58,68,8642
59,68,8643
60,68,8644
61,68,8645
62,68,8646
63,68,8647
64,68,8648
65,68,8649
66,68,8650
67,68,8651
68,68,8652
69,68,8653
70,68,8654
71,68,8655
73,68,8656
76,68,8657
77,68,8658
78,68,8659
79,68,8660
80,68,8661
81,68,8662
95,68,8663
100,68,8664
107,68,8665
108,68,8666
109,68,8667
110,68,8668
111,68,8669
112,68,8670
113,68,8671
114,68,8672
115,68,8673
116,68,8674
117,68,8675
120,68,8676
121,68,8677
122,68,8678
123,68,8679
126,68,8680
127,68,8681
128,68,8682
130,68,8683
131,68,8684
134,68,8685
135,68,8686
143,68,8687
147,68,8688
157,68,8689
159,68,8690
22,77,8691
25,77,8692
27,77,8693
33,77,8694
35,77,8695
38,77,8696
39,77,8697
40,77,8698
41,77,8699
42,77,8700
45,77,8701
46,77,8702
47,77,8703
48,77,8704
49,77,8705
50,77,8706
51,77,8707
52,77,8708
53,77,8709
54,77,8710
55,77,8711
56,77,8712
57,77,8713
58,77,8714
59,77,8715
60,77,8716
61,77,8717
62,77,8718
63,77,8719
64,77,8720
65,77,8721
66,77,8722
67,77,8723
68,77,8724
69,77,8725
70,77,8726
71,77,8727
75,77,8728
77,77,8729
78,77,8730
79,77,8731
81,77,8732
83,77,8733
90,77,8734
91,77,8735
103,77,8736
105,77,8737
107,77,8738
108,77,8739
109,77,8740
110,77,8741
111,77,8742
112,77,8743
113,77,8744
114,77,8745
115,77,8746
116,77,8747
117,77,8748
118,77,8749
120,77,8750
121,77,8751
122,77,8752
123,77,8753
124,77,8754
125,77,8755
126,77,8756
128,77,8757
131,77,8758
134,77,8759
135,77,8760
138,77,8761
143,77,8762
147,77,8763
157,77,8764
159,77,8765
25,15,8766
33,15,8767
35,15,8768
38,15,8769
39,15,8770
40,15,8771
41,15,8772
42,15,8773
45,15,8774
46,15,8775
47,15,8776
48,15,8777
49,15,8778
50,15,8779
51,15,8780
52,15,8781
53,15,8782
54,15,8783
55,15,8784
56,15,8785
57,15,8786
58,15,8787
59,15,8788
60,15,8789
61,15,8790
62,15,8791
63,15,8792
64,15,8793
65,15,8794
66,15,8795
67,15,8796
68,15,8797
69,15,8798
70,15,8799
71,15,8800
73,15,8801
77,15,8802
78,15,8803
79,15,8804
83,15,8805
85,15,8806
90,15,8807
91,15,8808
103,15,8809
105,15,8810
107,15,8811
108,15,8812
109,15,8813
110,15,8814
111,15,8815
112,15,8816
113,15,8817
114,15,8818
115,15,8819
116,15,8820
117,15,8821
118,15,8822
120,15,8823
121,15,8824
122,15,8825
123,15,8826
126,15,8827
128,15,8828
131,15,8829
134,15,8830
135,15,8831
147,15,8832
157,15,8833
